WILAYA_CLEAN,COMMUNE_CLEAN,ZONE_RPA,capital_total,nb_polices,dommage_total,risque_moyen,proba_moyenne,CLASSE_COMMUNE
ADRAR,ADRAR,0,336240000.0,2,3362400.0,0.0,0.0,SOUCONCENTRATION ✅
AIN DEFLA,AIN BENIAN (AIN DEFLA),Inconnu,59000000.0,3,2950000.0,0.0,0.0,SOUCONCENTRATION ✅
AIN DEFLA,AIN BOUYAHIA,Inconnu,7000000.0,2,350000.0,0.0,0.0,SOUCONCENTRATION ✅
AIN DEFLA,AIN SOLTANE AIN DEFLA,Inconnu,43920000.0,6,2196000.0,0.0,0.0,SOUCONCENTRATION ✅
AIN DEFLA,AIN TORKI,Inconnu,5000000.0,1,250000.0,0.0,0.0,SOUCONCENTRATION ✅
AIN DEFLA,ARIB,Inconnu,16039550.0,7,801978.0,0.0,0.0,SOUCONCENTRATION ✅
AIN DEFLA,BORDJ EMIR KHALED,Inconnu,20265000.0,1,1013250.0,0.0,0.0,SOUCONCENTRATION ✅
AIN DEFLA,BOUMEDFAA,Inconnu,2145000.0,1,107250.0,0.0,0.0,SOUCONCENTRATION ✅
AIN DEFLA,BOURACHED,Inconnu,20620000.0,8,1031000.0,0.0,0.0,SOUCONCENTRATION ✅
AIN DEFLA,DEFLA,Inconnu,778649693.0,282,38932485.0,0.0,0.0,SOUCONCENTRATION ✅
AIN DEFLA,DJELIDA,Inconnu,40770000.0,15,2038500.0,0.0,0.0,SOUCONCENTRATION ✅
AIN DEFLA,DJEMAA OULED CHEIKH,Inconnu,1000000.0,1,50000.0,0.0,0.0,SOUCONCENTRATION ✅
AIN DEFLA,DJENDEL,Inconnu,5650000.0,2,282500.0,0.0,0.0,SOUCONCENTRATION ✅
AIN DEFLA,EL ABBADIA,Inconnu,121505460.0,47,6075273.0,0.0,0.0,SOUCONCENTRATION ✅
AIN DEFLA,EL AMRA,Inconnu,38381120.0,13,1919056.0,0.0,0.0,SOUCONCENTRATION ✅
AIN DEFLA,EL ATTAF,Inconnu,436158130.0,157,21807906.0,0.0,0.0,SOUCONCENTRATION ✅
AIN DEFLA,EL MAYENE,Inconnu,6500000.0,2,325000.0,0.0,0.0,SOUCONCENTRATION ✅
AIN DEFLA,HAMMAM RIGHA,Inconnu,1560000.0,1,78000.0,0.0,0.0,SOUCONCENTRATION ✅
AIN DEFLA,INCONNU,Inconnu,5000000.0,2,250000.0,0.0,0.0,SOUCONCENTRATION ✅
AIN DEFLA,KHEMIS MILIANA,Inconnu,53884800.0,3,2694240.0,0.0,0.0,SOUCONCENTRATION ✅
AIN DEFLA,MEKHATRIA,Inconnu,8500000.0,3,425000.0,0.0,0.0,SOUCONCENTRATION ✅
AIN DEFLA,MILIANA,Inconnu,21225000.0,2,1061250.0,0.0,0.0,SOUCONCENTRATION ✅
AIN DEFLA,ROUINA,Inconnu,49726900.0,13,2486345.0,0.0,0.0,SOUCONCENTRATION ✅
AIN DEFLA,TACHTA ZEGARRA,Inconnu,4500000.0,1,225000.0,0.0,0.0,SOUCONCENTRATION ✅
AIN DEFLA,TIBERKANINE,Inconnu,168043250.0,24,8402162.0,0.0,0.0,SOUCONCENTRATION ✅
AIN DEFLA,ZEDDINE,Inconnu,18000000.0,7,900000.0,0.0,0.0,SOUCONCENTRATION ✅
AIN TIMOUCHENT,BENI SAF,Inconnu,5145000.0,1,257250.0,0.0,0.0,SOUCONCENTRATION ✅
AIN TIMOUCHENT,BOUZEDJAR AIN TEMOUCHENT,Inconnu,5356400.0,1,267820.0,0.0,0.0,SOUCONCENTRATION ✅
AIN TIMOUCHENT,EL ABBADIA,Inconnu,2500000.0,1,125000.0,0.0,0.0,SOUCONCENTRATION ✅
AIN TIMOUCHENT,EL AMRIA,Inconnu,7000000.0,1,350000.0,0.0,0.0,SOUCONCENTRATION ✅
AIN TIMOUCHENT,EL MALAH,Inconnu,23137940.0,4,1156897.0,0.0,0.0,SOUCONCENTRATION ✅
AIN TIMOUCHENT,HAMMAM BOUHADJAR,Inconnu,717822074.0,5,35891104.0,0.0,0.0,SOUCONCENTRATION ✅
AIN TIMOUCHENT,OULHACA GHERRABA AIN TEMOUCHENT,Inconnu,3652600.0,1,182630.0,0.0,0.0,SOUCONCENTRATION ✅
AIN TIMOUCHENT,TAMZOUGHA,Inconnu,10800000.0,3,540000.0,0.0,0.0,SOUCONCENTRATION ✅
AIN TIMOUCHENT,TEMOUCHENT,Inconnu,16093350.0,7,804668.0,0.0,0.0,SOUCONCENTRATION ✅
ALGER,AIN BENIAN (AIN DEFLA),III,70780000.0,7,17695000.0,1.0,1.0,SURCONCENTRATION ⚠️
ALGER,AIN BENIAN (ALGER),III,997434888.0,291,249358722.0,0.0,0.0,SOUCONCENTRATION ✅
ALGER,AIN LAGRADJ,III,2000000.0,1,500000.0,0.0,0.0,SOUCONCENTRATION ✅
ALGER,AIN NAGA,III,49859670.0,16,12464918.0,0.0,0.0,SOUCONCENTRATION ✅
ALGER,AIN TAYA,III,420415660.0,14,105103915.0,0.0,0.0,SOUCONCENTRATION ✅
ALGER,ALGER,III,40853567125.0,465,10213391781.0,0.0,0.0,SOUCONCENTRATION ✅
ALGER,BAB EL OUED,III,129373980.0,35,32343495.0,0.0,0.0,SOUCONCENTRATION ✅
ALGER,BABA HASSEN,III,1603610640.0,260,400902660.0,1.0,1.0,SURCONCENTRATION ⚠️
ALGER,BABAR,III,6000000.0,1,1500000.0,1.0,1.0,SURCONCENTRATION ⚠️
ALGER,BACH DJERRAH,III,251968294.0,92,62992074.0,0.0,0.0,SOUCONCENTRATION ✅
ALGER,BAINS ROMAINS,III,71550000.0,11,17887500.0,0.0,0.0,SOUCONCENTRATION ✅
ALGER,BARAKI,III,4124900702.0,334,1031225176.0,0.0,0.0,SOUCONCENTRATION ✅
ALGER,BEB EZZOUAR,III,7679660206.0,233,1919915051.0,0.0,0.0,SOUCONCENTRATION ✅
ALGER,BEJAIA,III,10601000.0,2,2650250.0,0.0,0.0,SOUCONCENTRATION ✅
ALGER,BEN AKNOUN,III,123894820.0,32,30973705.0,0.0,0.0,SOUCONCENTRATION ✅
ALGER,BENI MESSOUS,III,206962550.0,31,51740638.0,1.0,1.0,SURCONCENTRATION ⚠️
ALGER,BIR KHADEM,III,1776120954.0,390,444030239.0,0.0,0.0,SOUCONCENTRATION ✅
ALGER,BIR MOURAD RAIS,III,753979170.0,153,188494792.0,0.0,0.0,SOUCONCENTRATION ✅
ALGER,BIRTOUTA,III,2267859369.0,313,566964842.0,1.0,1.0,SURCONCENTRATION ⚠️
ALGER,BLIDA,III,38252600.0,11,9563150.0,0.0,0.0,SOUCONCENTRATION ✅
ALGER,BOGHNI,III,4500000.0,1,1125000.0,0.0,0.0,SOUCONCENTRATION ✅
ALGER,BOLOGHINE IBN ZIRI,III,18825240.0,8,4706310.0,0.0,0.0,SOUCONCENTRATION ✅
ALGER,BORDJ BOU ARRERIDJ,III,120590000.0,2,30147500.0,1.0,1.0,SURCONCENTRATION ⚠️
ALGER,BORDJ EL BAHRI,III,451410365.0,80,112852591.0,0.0,0.0,SOUCONCENTRATION ✅
ALGER,BORDJ EL KIFFAN,III,1337391529.0,249,334347882.0,0.0,0.0,SOUCONCENTRATION ✅
ALGER,BOU ISMAIL,III,45300000.0,1,11325000.0,1.0,1.0,SURCONCENTRATION ⚠️
ALGER,BOUDOUAOU,III,54508000.0,5,13627000.0,1.0,1.0,SURCONCENTRATION ⚠️
ALGER,BOUDOUAOU EL BAHRI,III,11110000.0,2,2777500.0,1.0,1.0,SURCONCENTRATION ⚠️
ALGER,BOUFARIK,III,80349180.0,10,20087295.0,1.0,1.0,SURCONCENTRATION ⚠️
ALGER,BOUHAROUN,III,2680900.0,1,670225.0,0.0,0.0,SOUCONCENTRATION ✅
ALGER,BOUINAN,III,55037080.0,17,13759270.0,0.0,0.0,SOUCONCENTRATION ✅
ALGER,BOUIRA,III,5270000.0,1,1317500.0,1.0,1.0,SURCONCENTRATION ⚠️
ALGER,BOUMERDES,III,136935700.0,19,34233925.0,0.0,0.0,SOUCONCENTRATION ✅
ALGER,BOUROUBA,III,306900220.0,115,76725055.0,0.0,0.0,SOUCONCENTRATION ✅
ALGER,BOUZAREAH,III,618134290.0,98,154533572.0,0.0,0.0,SOUCONCENTRATION ✅
ALGER,CASBAH,III,37079980.0,10,9269995.0,0.0,0.0,SOUCONCENTRATION ✅
ALGER,CHEBLI,III,43700000.0,6,10925000.0,1.0,1.0,SURCONCENTRATION ⚠️
ALGER,CHERAGA ALGER,III,2887511137.0,598,721877784.0,0.0,0.0,SOUCONCENTRATION ✅
ALGER,CHERAGA MILA,III,9500000.0,1,2375000.0,1.0,1.0,SURCONCENTRATION ⚠️
ALGER,CHERCHAR,III,8153000.0,1,2038250.0,1.0,1.0,SURCONCENTRATION ⚠️
ALGER,CONSTANTINE,III,2000000.0,1,500000.0,0.0,0.0,SOUCONCENTRATION ✅
ALGER,CORSO,III,2693440.0,1,673360.0,0.0,0.0,SOUCONCENTRATION ✅
ALGER,DAR EL BEIDA,III,2416502970.0,387,604125742.0,1.0,1.0,SURCONCENTRATION ⚠️
ALGER,DARGUINA,III,2534250.0,1,633562.0,0.0,0.0,SOUCONCENTRATION ✅
ALGER,DELY BRAHIM,III,1308795100.0,177,327198775.0,0.0,0.0,SOUCONCENTRATION ✅
ALGER,DIDOUCHE MOURAD,III,4326670.0,2,1081668.0,0.0,0.0,SOUCONCENTRATION ✅
ALGER,DJISR KSENTINA,III,315136460.0,91,78784115.0,0.0,0.0,SOUCONCENTRATION ✅
ALGER,DOUAOUDA,III,10630000.0,5,2657500.0,0.0,0.0,SOUCONCENTRATION ✅
ALGER,DOUERA,III,1458514406.0,216,364628602.0,1.0,1.0,SURCONCENTRATION ⚠️
ALGER,DRAA ESSMAR,III,4500000.0,1,1125000.0,0.0,0.0,SOUCONCENTRATION ✅
ALGER,DRARIA,III,746252880.0,122,186563220.0,0.0,0.0,SOUCONCENTRATION ✅
ALGER,EL ACHIR,III,7000000.0,1,1750000.0,1.0,1.0,SURCONCENTRATION ⚠️
ALGER,EL ACHOUR,III,1353138029.0,112,338284507.0,0.0,0.0,SOUCONCENTRATION ✅
ALGER,EL BIAR,III,2270063670.0,116,567515918.0,0.0,0.0,SOUCONCENTRATION ✅
ALGER,EL BORDJ,III,8890000.0,1,2222500.0,1.0,1.0,SURCONCENTRATION ⚠️
ALGER,EL HARRACH,III,835805760.0,186,208951440.0,0.0,0.0,SOUCONCENTRATION ✅
ALGER,EL KHROUB,III,4402000.0,2,1100500.0,0.0,0.0,SOUCONCENTRATION ✅
ALGER,EL MADANIA,III,65958290.0,18,16489572.0,0.0,0.0,SOUCONCENTRATION ✅
ALGER,EL MAGHARIA,III,56013400.0,4,14003350.0,1.0,1.0,SURCONCENTRATION ⚠️
ALGER,EL MARSA ALGER,III,21344000.0,3,5336000.0,1.0,1.0,SURCONCENTRATION ⚠️
ALGER,EL MOURADIA,III,685148330.0,124,171287082.0,0.0,0.0,SOUCONCENTRATION ✅
ALGER,FOUKA,III,5000000.0,1,1250000.0,1.0,1.0,SURCONCENTRATION ⚠️
ALGER,GHARDAIA,III,18000000.0,2,4500000.0,1.0,1.0,SURCONCENTRATION ⚠️
ALGER,GUERROUAOU,III,21577388.0,2,5394347.0,1.0,1.0,SURCONCENTRATION ⚠️
ALGER,HAMMAMET,III,13276350.0,6,3319088.0,0.0,0.0,SOUCONCENTRATION ✅
ALGER,HAMMEDI,III,19728450.0,5,4932112.0,0.0,0.0,SOUCONCENTRATION ✅
ALGER,HARAOUA,III,190634780.0,57,47658695.0,0.0,0.0,SOUCONCENTRATION ✅
ALGER,HUSSEIN DEY,III,455584625.0,65,113896156.0,0.0,0.0,SOUCONCENTRATION ✅
ALGER,HYDRA,III,1277221430.0,137,319305358.0,0.0,0.0,SOUCONCENTRATION ✅
ALGER,INCONNU,III,1410000.0,1,352500.0,0.0,0.0,SOUCONCENTRATION ✅
ALGER,KHEMIS EL KHECHNA,III,21800000.0,4,5450000.0,0.0,1.0,SOUCONCENTRATION ✅
ALGER,KHEMIS MILIANA,III,7000000.0,1,1750000.0,1.0,1.0,SURCONCENTRATION ⚠️
ALGER,KHRAISSIA,III,963195960.0,153,240798990.0,1.0,1.0,SURCONCENTRATION ⚠️
ALGER,KOLEA,III,55767320.0,4,13941830.0,1.0,1.0,SURCONCENTRATION ⚠️
ALGER,KOUBA,III,2380410344.0,432,595102586.0,0.0,0.0,SOUCONCENTRATION ✅
ALGER,LARBAA BLIDA,III,20095350.0,4,5023838.0,0.0,0.0,SOUCONCENTRATION ✅
ALGER,LARBATACHE,III,9120000.0,2,2280000.0,0.0,0.0,SOUCONCENTRATION ✅
ALGER,LES EUCALYPTUS,III,1354327170.0,421,338581792.0,0.0,0.0,SOUCONCENTRATION ✅
ALGER,MAHELMA,III,615413459.0,118,153853365.0,0.0,0.0,SOUCONCENTRATION ✅
ALGER,MEFTAH,III,16747950.0,5,4186988.0,0.0,0.0,SOUCONCENTRATION ✅
ALGER,MOHAMMADIA ALGER,III,981896530.0,260,245474132.0,0.0,0.0,SOUCONCENTRATION ✅
ALGER,ORAN,III,3152080.0,1,788020.0,0.0,0.0,SOUCONCENTRATION ✅
ALGER,OUED KORICHE,III,20437100.0,7,5109275.0,0.0,0.0,SOUCONCENTRATION ✅
ALGER,OUED SMAR,III,779639290.0,41,194909822.0,0.0,0.0,SOUCONCENTRATION ✅
ALGER,OULED CHEBEL,III,488524000.0,55,122131000.0,1.0,1.0,SURCONCENTRATION ⚠️
ALGER,OULED FAYET,III,1274482207.0,230,318620552.0,0.0,0.0,SOUCONCENTRATION ✅
ALGER,OULED MOUSSA,III,17620000.0,3,4405000.0,1.0,1.0,SURCONCENTRATION ⚠️
ALGER,OULED SLAMA,III,3900000.0,1,975000.0,0.0,0.0,SOUCONCENTRATION ✅
ALGER,OULED YAICH BLIDA,III,3458000.0,1,864500.0,0.0,0.0,SOUCONCENTRATION ✅
ALGER,RAHMANIA,III,98269320.0,20,24567330.0,0.0,0.0,SOUCONCENTRATION ✅
ALGER,RAIS HAMIDOU,III,47420000.0,6,11855000.0,0.0,0.0,SOUCONCENTRATION ✅
ALGER,REGHAIA,III,728720966.0,214,182180242.0,0.0,0.0,SOUCONCENTRATION ✅
ALGER,ROUIBA,III,6125961110.0,258,1531490278.0,0.0,0.0,SOUCONCENTRATION ✅
ALGER,SAOULA,III,504860560.0,72,126215140.0,0.0,0.0,SOUCONCENTRATION ✅
ALGER,SETIF,III,9000000.0,2,2250000.0,0.0,0.0,SOUCONCENTRATION ✅
ALGER,SIDI AHMED,III,1117200.0,1,279300.0,0.0,0.0,SOUCONCENTRATION ✅
ALGER,SIDI MHAMED ALGER,III,296189120.0,63,74047280.0,0.0,0.0,SOUCONCENTRATION ✅
ALGER,SIDI MOUSSA,III,609835160.0,129,152458790.0,0.0,0.0,SOUCONCENTRATION ✅
ALGER,SKIKDA,III,2000000.0,1,500000.0,0.0,0.0,SOUCONCENTRATION ✅
ALGER,SOUIDANIA,III,254754703.0,58,63688676.0,0.0,0.0,SOUCONCENTRATION ✅
ALGER,STAOUELI,III,567788922.0,166,141947230.0,0.0,0.0,SOUCONCENTRATION ✅
ALGER,TASSALA EL MERDJA,III,64250080.0,13,16062520.0,0.0,0.0,SOUCONCENTRATION ✅
ALGER,TERRAI BAINEM,III,1400000.0,1,350000.0,0.0,0.0,SOUCONCENTRATION ✅
ALGER,TESSALA,III,44910544.0,7,11227636.0,1.0,1.0,SURCONCENTRATION ⚠️
ALGER,TIPAZA,III,30326370.0,8,7581592.0,0.0,0.0,SOUCONCENTRATION ✅
ALGER,TIZI OUZOU,III,1488000.0,1,372000.0,0.0,0.0,SOUCONCENTRATION ✅
ALGER,ZERALDA,III,763508506.0,198,190877126.0,0.0,0.0,SOUCONCENTRATION ✅
ANNABA,ADRAR,IIa,2000000.0,1,200000.0,0.0,0.0,SOUCONCENTRATION ✅
ANNABA,AIN BERDA,IIa,111575010.0,8,11157501.0,0.0,0.0,SOUCONCENTRATION ✅
ANNABA,AIN EL BERD,IIa,1000000.0,1,100000.0,0.0,0.0,SOUCONCENTRATION ✅
ANNABA,ANNABA,IIa,1425740060.0,431,142574006.0,0.0,0.0,SOUCONCENTRATION ✅
ANNABA,BERRAHEL,IIa,95598580.0,12,9559858.0,0.0,0.0,SOUCONCENTRATION ✅
ANNABA,BOUTELDJA,IIa,2310000.0,1,231000.0,0.0,0.0,SOUCONCENTRATION ✅
ANNABA,DAR EL BEIDA,IIa,3000000.0,1,300000.0,0.0,0.0,SOUCONCENTRATION ✅
ANNABA,DREAN,IIa,2419240.0,1,241924.0,0.0,0.0,SOUCONCENTRATION ✅
ANNABA,EL BOUNI,IIa,1146415725.0,415,114641572.0,0.0,0.0,SOUCONCENTRATION ✅
ANNABA,EL EULMA,IIa,3000000.0,1,300000.0,0.0,0.0,SOUCONCENTRATION ✅
ANNABA,EL HADJAR,IIa,401752130.0,17,40175213.0,0.0,0.0,SOUCONCENTRATION ✅
ANNABA,EULMA,IIa,5200000.0,2,520000.0,0.0,0.0,SOUCONCENTRATION ✅
ANNABA,OUED EL ANEB,IIa,10800000.0,6,1080000.0,0.0,0.0,SOUCONCENTRATION ✅
ANNABA,SERAIDI,IIa,16677690.0,6,1667769.0,0.0,0.0,SOUCONCENTRATION ✅
ANNABA,SIDI AMAR SAIDA,IIa,2072000.0,1,207200.0,0.0,0.0,SOUCONCENTRATION ✅
ANNABA,SIDI AMER,IIa,10327720.0,3,1032772.0,0.0,0.0,SOUCONCENTRATION ✅
B.B ARRERIDJ,AIN TAGHROUT,Inconnu,39245000.0,14,1962250.0,0.0,0.0,SOUCONCENTRATION ✅
B.B ARRERIDJ,AIN TASSERA,Inconnu,6695000.0,3,334750.0,0.0,0.0,SOUCONCENTRATION ✅
B.B ARRERIDJ,BELIMOUR,Inconnu,40950000.0,7,2047500.0,0.0,0.0,SOUCONCENTRATION ✅
B.B ARRERIDJ,BEN DAOUD,Inconnu,11900000.0,2,595000.0,0.0,0.0,SOUCONCENTRATION ✅
B.B ARRERIDJ,BENDAOUD,Inconnu,2000000.0,1,100000.0,0.0,0.0,SOUCONCENTRATION ✅
B.B ARRERIDJ,BIR KASDALI,Inconnu,20136320.0,10,1006816.0,0.0,0.0,SOUCONCENTRATION ✅
B.B ARRERIDJ,BORDJ BOU ARRERIDJ,Inconnu,2800127070.0,950,140006354.0,0.0,0.0,SOUCONCENTRATION ✅
B.B ARRERIDJ,BORDJ GHDIR,Inconnu,169471040.0,62,8473552.0,0.0,0.0,SOUCONCENTRATION ✅
B.B ARRERIDJ,BORDJ ZEMOURA,Inconnu,1457000.0,1,72850.0,0.0,0.0,SOUCONCENTRATION ✅
B.B ARRERIDJ,DJAAFRA,Inconnu,2100000.0,1,105000.0,0.0,0.0,SOUCONCENTRATION ✅
B.B ARRERIDJ,EL ACHIR,Inconnu,80927630.0,19,4046382.0,0.0,0.0,SOUCONCENTRATION ✅
B.B ARRERIDJ,EL ANCER,Inconnu,3720000.0,1,186000.0,0.0,0.0,SOUCONCENTRATION ✅
B.B ARRERIDJ,EL ANSEUR,Inconnu,79114720.0,25,3955736.0,0.0,0.0,SOUCONCENTRATION ✅
B.B ARRERIDJ,EL BORDJ,Inconnu,1167600.0,1,58380.0,0.0,0.0,SOUCONCENTRATION ✅
B.B ARRERIDJ,EL EUCH,Inconnu,6488000.0,2,324400.0,0.0,0.0,SOUCONCENTRATION ✅
B.B ARRERIDJ,EL HAMMADIA,Inconnu,131112130.0,45,6555606.0,0.0,0.0,SOUCONCENTRATION ✅
B.B ARRERIDJ,EL KSEUR,Inconnu,15291000.0,4,764550.0,0.0,0.0,SOUCONCENTRATION ✅
B.B ARRERIDJ,EL MAIN,Inconnu,1860000.0,1,93000.0,0.0,0.0,SOUCONCENTRATION ✅
B.B ARRERIDJ,EL MHIR,Inconnu,40550000.0,21,2027500.0,0.0,0.0,SOUCONCENTRATION ✅
B.B ARRERIDJ,GHILASSA,Inconnu,41863650.0,13,2093182.0,0.0,0.0,SOUCONCENTRATION ✅
B.B ARRERIDJ,HAMADIA,Inconnu,1000000.0,1,50000.0,0.0,0.0,SOUCONCENTRATION ✅
B.B ARRERIDJ,HASNAOUA,Inconnu,42285000.0,13,2114250.0,0.0,0.0,SOUCONCENTRATION ✅
B.B ARRERIDJ,INCONNU,Inconnu,4855220.0,2,242761.0,0.0,0.0,SOUCONCENTRATION ✅
B.B ARRERIDJ,KHELIL,Inconnu,34204000.0,17,1710200.0,0.0,0.0,SOUCONCENTRATION ✅
B.B ARRERIDJ,KOLEA,Inconnu,2000000.0,1,100000.0,0.0,0.0,SOUCONCENTRATION ✅
B.B ARRERIDJ,KSOUR,Inconnu,3100000.0,1,155000.0,0.0,0.0,SOUCONCENTRATION ✅
B.B ARRERIDJ,MANSOURA,Inconnu,164350000.0,17,8217500.0,0.0,0.0,SOUCONCENTRATION ✅
B.B ARRERIDJ,MEDJANA,Inconnu,42329090.0,21,2116454.0,0.0,0.0,SOUCONCENTRATION ✅
B.B ARRERIDJ,OULED HADJADJ,Inconnu,1900000.0,1,95000.0,0.0,0.0,SOUCONCENTRATION ✅
B.B ARRERIDJ,OULED SIDI BRAHIM B.B ARRERIDJ,Inconnu,8400000.0,2,420000.0,0.0,0.0,SOUCONCENTRATION ✅
B.B ARRERIDJ,RABTA,Inconnu,19150000.0,10,957500.0,0.0,0.0,SOUCONCENTRATION ✅
B.B ARRERIDJ,RAS EL OUED,Inconnu,17710000.0,7,885500.0,0.0,0.0,SOUCONCENTRATION ✅
B.B ARRERIDJ,SIDI EMBAREK,Inconnu,87260090.0,30,4363004.0,0.0,0.0,SOUCONCENTRATION ✅
B.B ARRERIDJ,TAGLAIT,Inconnu,5154000.0,3,257700.0,0.0,0.0,SOUCONCENTRATION ✅
B.B ARRERIDJ,THENIA,Inconnu,1900000.0,1,95000.0,0.0,0.0,SOUCONCENTRATION ✅
BATNA,AIN DJASSER,I,4929310.0,3,246466.0,0.0,0.0,SOUCONCENTRATION ✅
BATNA,AIN TOUTA,I,498219000.0,6,24910950.0,0.0,0.0,SOUCONCENTRATION ✅
BATNA,AIN YAGOUT,I,10850000.0,2,542500.0,0.0,0.0,SOUCONCENTRATION ✅
BATNA,ALGER,I,3891600.0,1,194580.0,0.0,0.0,SOUCONCENTRATION ✅
BATNA,ARRIS,I,726094890.0,315,36304744.0,0.0,0.0,SOUCONCENTRATION ✅
BATNA,BARIKA,I,297375540.0,51,14868777.0,0.0,0.0,SOUCONCENTRATION ✅
BATNA,BATHIA,I,14421400.0,2,721070.0,0.0,0.0,SOUCONCENTRATION ✅
BATNA,BATNA,I,1993948559.0,622,99697428.0,0.0,0.0,SOUCONCENTRATION ✅
BATNA,BOULEHILET,I,2104900.0,1,105245.0,0.0,0.0,SOUCONCENTRATION ✅
BATNA,BOUZINA,I,69025220.0,24,3451261.0,0.0,0.0,SOUCONCENTRATION ✅
BATNA,CHEMORA,I,3628860.0,3,181443.0,0.0,0.0,SOUCONCENTRATION ✅
BATNA,CHIR,I,16492000.0,3,824600.0,0.0,0.0,SOUCONCENTRATION ✅
BATNA,DJERMA,I,1116000.0,1,55800.0,0.0,0.0,SOUCONCENTRATION ✅
BATNA,DJEZZAR,I,8029000.0,4,401450.0,0.0,0.0,SOUCONCENTRATION ✅
BATNA,EL MADHER,I,10202720.0,3,510136.0,0.0,0.0,SOUCONCENTRATION ✅
BATNA,FESDIS,I,48338822.0,16,2416941.0,0.0,0.0,SOUCONCENTRATION ✅
BATNA,FOUM TOUB,I,13790660.0,8,689533.0,0.0,0.0,SOUCONCENTRATION ✅
BATNA,GHASSIRA,I,12276000.0,6,613800.0,0.0,0.0,SOUCONCENTRATION ✅
BATNA,ICHEMOUL,I,114201030.0,40,5710052.0,0.0,0.0,SOUCONCENTRATION ✅
BATNA,INOUGHISSENE,I,23837450.0,12,1191872.0,0.0,0.0,SOUCONCENTRATION ✅
BATNA,KIMMEL,I,5270000.0,3,263500.0,0.0,0.0,SOUCONCENTRATION ✅
BATNA,MENAA BATNA,I,35898000.0,24,1794900.0,0.0,0.0,SOUCONCENTRATION ✅
BATNA,MEROUANA,I,9233730.0,3,461686.0,0.0,0.0,SOUCONCENTRATION ✅
BATNA,MSILA,I,10500000.0,3,525000.0,0.0,0.0,SOUCONCENTRATION ✅
BATNA,NADOR,I,1222000.0,1,61100.0,0.0,0.0,SOUCONCENTRATION ✅
BATNA,OUED CHAABA,I,30370060.0,11,1518503.0,0.0,0.0,SOUCONCENTRATION ✅
BATNA,OUED TAGA,I,51030340.0,24,2551517.0,0.0,0.0,SOUCONCENTRATION ✅
BATNA,OULED FADEL,I,5394000.0,2,269700.0,0.0,0.0,SOUCONCENTRATION ✅
BATNA,SERIANA,I,12092970.0,6,604648.0,0.0,0.0,SOUCONCENTRATION ✅
BATNA,TAGHIT,I,3080000.0,1,154000.0,0.0,0.0,SOUCONCENTRATION ✅
BATNA,TAZOULT,I,31684170.0,6,1584208.0,0.0,0.0,SOUCONCENTRATION ✅
BATNA,THENIET EL ABED,I,84294890.0,30,4214744.0,0.0,0.0,SOUCONCENTRATION ✅
BATNA,TIGHANIMINE,I,8773000.0,8,438650.0,0.0,0.0,SOUCONCENTRATION ✅
BATNA,TIGHARGHAR,I,16474950.0,15,823748.0,0.0,0.0,SOUCONCENTRATION ✅
BATNA,TKOUT,I,35898000.0,34,1794900.0,0.0,0.0,SOUCONCENTRATION ✅
BATNA,ZANA EL BEIDA,I,1550000.0,1,77500.0,0.0,0.0,SOUCONCENTRATION ✅
BECHAR,BECHAR,Inconnu,12000000.0,2,600000.0,0.0,0.0,SOUCONCENTRATION ✅
BEJAIA,ADEKAR,IIa,44320000.0,12,4432000.0,0.0,0.0,SOUCONCENTRATION ✅
BEJAIA,AIT R_ZINE,IIa,2000000.0,1,200000.0,0.0,0.0,SOUCONCENTRATION ✅
BEJAIA,AIT SMAIL,IIa,9872800.0,2,987280.0,0.0,0.0,SOUCONCENTRATION ✅
BEJAIA,AKBOU,IIa,422514260.0,39,42251426.0,0.0,0.0,SOUCONCENTRATION ✅
BEJAIA,AMALOU,IIa,10675000.0,2,1067500.0,0.0,0.0,SOUCONCENTRATION ✅
BEJAIA,AMIZOUR,IIa,225761950.0,90,22576195.0,0.0,0.0,SOUCONCENTRATION ✅
BEJAIA,AOKAS,IIa,14735150.0,6,1473515.0,0.0,0.0,SOUCONCENTRATION ✅
BEJAIA,BARBACHA,IIa,105263200.0,44,10526320.0,0.0,0.0,SOUCONCENTRATION ✅
BEJAIA,BATNA,IIa,1959440.0,1,195944.0,0.0,0.0,SOUCONCENTRATION ✅
BEJAIA,BEJAIA,IIa,1637228142.0,493,163722814.0,0.0,0.0,SOUCONCENTRATION ✅
BEJAIA,BENI DJELLIL,IIa,6000000.0,6,600000.0,0.0,0.0,SOUCONCENTRATION ✅
BEJAIA,BENI KSILA BEJAIA,IIa,70532000.0,6,7053200.0,1.0,1.0,SURCONCENTRATION ⚠️
BEJAIA,BENI MAOUCHE,IIa,3403150.0,2,340315.0,0.0,0.0,SOUCONCENTRATION ✅
BEJAIA,BOUDJELLIL,IIa,9350000.0,3,935000.0,0.0,0.0,SOUCONCENTRATION ✅
BEJAIA,BOUHAMZA,IIa,1400000.0,1,140000.0,0.0,0.0,SOUCONCENTRATION ✅
BEJAIA,BOUKHELIFA,IIa,35253310.0,8,3525331.0,0.0,0.0,SOUCONCENTRATION ✅
BEJAIA,CHELATA,IIa,6405000.0,3,640500.0,0.0,0.0,SOUCONCENTRATION ✅
BEJAIA,CHEMINI,IIa,7001380.0,4,700138.0,0.0,0.0,SOUCONCENTRATION ✅
BEJAIA,DARGUINA,IIa,38404350.0,11,3840435.0,0.0,0.0,SOUCONCENTRATION ✅
BEJAIA,EL KSEUR,IIa,317812933.0,155,31781293.0,0.0,0.0,SOUCONCENTRATION ✅
BEJAIA,FERRAOUN,IIa,19589500.0,12,1958950.0,0.0,0.0,SOUCONCENTRATION ✅
BEJAIA,IFELAIN ILMATHEN,IIa,53890000.0,7,5389000.0,0.0,0.0,SOUCONCENTRATION ✅
BEJAIA,IGHRAM,IIa,7040000.0,2,704000.0,0.0,0.0,SOUCONCENTRATION ✅
BEJAIA,KENDIRA,IIa,6685000.0,5,668500.0,0.0,0.0,SOUCONCENTRATION ✅
BEJAIA,KHERRATA,IIa,10500000.0,3,1050000.0,0.0,0.0,SOUCONCENTRATION ✅
BEJAIA,MELBOU,IIa,66929200.0,19,6692920.0,0.0,0.0,SOUCONCENTRATION ✅
BEJAIA,OUED GHIR,IIa,183696508.0,55,18369651.0,0.0,0.0,SOUCONCENTRATION ✅
BEJAIA,OUZELLAGUEN,IIa,96772900.0,27,9677290.0,0.0,0.0,SOUCONCENTRATION ✅
BEJAIA,SEDDOUK,IIa,6468000.0,3,646800.0,0.0,0.0,SOUCONCENTRATION ✅
BEJAIA,SEMAOUNE,IIa,23485500.0,17,2348550.0,0.0,0.0,SOUCONCENTRATION ✅
BEJAIA,SIDI AHMED,IIa,8679950.0,2,867995.0,0.0,0.0,SOUCONCENTRATION ✅
BEJAIA,SIDI AICH,IIa,37364800.0,9,3736480.0,0.0,0.0,SOUCONCENTRATION ✅
BEJAIA,SIDI AYAD,IIa,2000000.0,2,200000.0,0.0,0.0,SOUCONCENTRATION ✅
BEJAIA,SOUIDANIA,IIa,12000000.0,3,1200000.0,0.0,0.0,SOUCONCENTRATION ✅
BEJAIA,SOUK EL TENINE,IIa,15425950.0,8,1542595.0,0.0,0.0,SOUCONCENTRATION ✅
BEJAIA,SOUK EL THENINE,IIa,195098740.0,54,19509874.0,0.0,0.0,SOUCONCENTRATION ✅
BEJAIA,SOUK OUFELLA,IIa,3500000.0,1,350000.0,0.0,0.0,SOUCONCENTRATION ✅
BEJAIA,TALA HAMZA,IIa,101583100.0,20,10158310.0,0.0,0.0,SOUCONCENTRATION ✅
BEJAIA,TAMRIDJET,IIa,3045000.0,1,304500.0,0.0,0.0,SOUCONCENTRATION ✅
BEJAIA,TAOURIRT IGHIL,IIa,7000000.0,6,700000.0,0.0,0.0,SOUCONCENTRATION ✅
BEJAIA,TASKRIOUT,IIa,19185670.0,5,1918567.0,0.0,0.0,SOUCONCENTRATION ✅
BEJAIA,TAZMALT,IIa,245355270.0,88,24535527.0,0.0,0.0,SOUCONCENTRATION ✅
BEJAIA,TIBANE,IIa,4000000.0,1,400000.0,0.0,0.0,SOUCONCENTRATION ✅
BEJAIA,TICHI,IIa,203831220.0,49,20383122.0,0.0,0.0,SOUCONCENTRATION ✅
BEJAIA,TIFRA,IIa,56565100.0,3,5656510.0,0.0,0.0,SOUCONCENTRATION ✅
BEJAIA,TIMEZRIT,IIa,28045000.0,16,2804500.0,0.0,0.0,SOUCONCENTRATION ✅
BEJAIA,TIMZRIT,IIa,4030000.0,2,403000.0,0.0,0.0,SOUCONCENTRATION ✅
BEJAIA,TIZI NBERBER,IIa,682000.0,1,68200.0,0.0,0.0,SOUCONCENTRATION ✅
BEJAIA,TOUDJA,IIa,9391050.0,9,939105.0,0.0,0.0,SOUCONCENTRATION ✅
BISKRA,BISKRA,I,988501410.0,75,49425070.0,0.0,0.0,SOUCONCENTRATION ✅
BISKRA,M_CHOUNECHE,I,9300000.0,1,465000.0,0.0,0.0,SOUCONCENTRATION ✅
BISKRA,TAZMALT,I,4000000.0,1,200000.0,0.0,0.0,SOUCONCENTRATION ✅
BISKRA,TOLGA,I,10200000.0,3,510000.0,0.0,0.0,SOUCONCENTRATION ✅
BISKRA,ZERIBET EL OUED,I,2732000.0,2,136600.0,0.0,0.0,SOUCONCENTRATION ✅
BLIDA,ALGER,III,2774000.0,1,693500.0,0.0,0.0,SOUCONCENTRATION ✅
BLIDA,BEN KHELIL,III,40334000.0,19,10083500.0,0.0,0.0,SOUCONCENTRATION ✅
BLIDA,BENI MERED,III,153434580.0,52,38358645.0,0.0,0.0,SOUCONCENTRATION ✅
BLIDA,BENI TAMOU,III,186093960.0,42,46523490.0,0.0,0.0,SOUCONCENTRATION ✅
BLIDA,BIRTOUTA,III,1564000.0,2,391000.0,0.0,0.0,SOUCONCENTRATION ✅
BLIDA,BLIDA,III,2075126220.0,494,518781555.0,0.0,0.0,SOUCONCENTRATION ✅
BLIDA,BOUARFA,III,28359790.0,10,7089948.0,0.0,0.0,SOUCONCENTRATION ✅
BLIDA,BOUFARIK,III,534899380.0,183,133724845.0,0.0,0.0,SOUCONCENTRATION ✅
BLIDA,BOUGARA BLIDA,III,99026550.0,34,24756638.0,0.0,0.0,SOUCONCENTRATION ✅
BLIDA,BOUINAN,III,200352487.0,73,50088122.0,0.0,0.0,SOUCONCENTRATION ✅
BLIDA,CHEBLI,III,149654700.0,26,37413675.0,0.0,0.0,SOUCONCENTRATION ✅
BLIDA,CHIFFA,III,19345020.0,7,4836255.0,0.0,0.0,SOUCONCENTRATION ✅
BLIDA,CHREA,III,3800000.0,1,950000.0,0.0,0.0,SOUCONCENTRATION ✅
BLIDA,DOUERA,III,2660000.0,1,665000.0,0.0,0.0,SOUCONCENTRATION ✅
BLIDA,DRARIA,III,2850000.0,1,712500.0,0.0,0.0,SOUCONCENTRATION ✅
BLIDA,GUERROUAOU,III,237074430.0,63,59268608.0,0.0,0.0,SOUCONCENTRATION ✅
BLIDA,HADJOUT,III,8117600.0,4,2029400.0,0.0,0.0,SOUCONCENTRATION ✅
BLIDA,HAMMEDI,III,2000000.0,2,500000.0,0.0,0.0,SOUCONCENTRATION ✅
BLIDA,HUSSEIN DEY,III,3850920.0,1,962730.0,0.0,0.0,SOUCONCENTRATION ✅
BLIDA,LARBAA BLIDA,III,130876285.0,23,32719071.0,0.0,0.0,SOUCONCENTRATION ✅
BLIDA,LARBATACHE,III,1700000.0,1,425000.0,0.0,0.0,SOUCONCENTRATION ✅
BLIDA,MEFTAH,III,26656860.0,11,6664215.0,0.0,0.0,SOUCONCENTRATION ✅
BLIDA,MOUZAIA,III,5369822177.0,10,1342455544.0,0.0,0.0,SOUCONCENTRATION ✅
BLIDA,OUED EL ALLEUG,III,9551000.0,8,2387750.0,0.0,0.0,SOUCONCENTRATION ✅
BLIDA,OULED SLAMA,III,28566250.0,6,7141562.0,0.0,0.0,SOUCONCENTRATION ✅
BLIDA,OULED YAICH BLIDA,III,706617250.0,266,176654312.0,0.0,0.0,SOUCONCENTRATION ✅
BLIDA,SIDI MOUSSA,III,57000000.0,1,14250000.0,1.0,1.0,SURCONCENTRATION ⚠️
BLIDA,SOUMAA BLIDA,III,430592840.0,155,107648210.0,0.0,0.0,SOUCONCENTRATION ✅
BLIDA,TIPAZA,III,2000000.0,1,500000.0,0.0,0.0,SOUCONCENTRATION ✅
BORDJ BADJI MOKHTAR,BORDJ BOU ARRERIDJ,Inconnu,5560660.0,2,278033.0,0.0,0.0,SOUCONCENTRATION ✅
BORDJ BADJI MOKHTAR,EL ACHIR,Inconnu,1023000.0,1,51150.0,0.0,0.0,SOUCONCENTRATION ✅
BOUIRA,AGHBALOU,Inconnu,92877000.0,17,4643850.0,0.0,0.0,SOUCONCENTRATION ✅
BOUIRA,AHL EL KSAR,Inconnu,22200000.0,7,1110000.0,0.0,0.0,SOUCONCENTRATION ✅
BOUIRA,AIN BESSAM,Inconnu,51901680.0,15,2595084.0,0.0,0.0,SOUCONCENTRATION ✅
BOUIRA,AIN EL HADJAR BOUIRA,Inconnu,21560000.0,6,1078000.0,0.0,0.0,SOUCONCENTRATION ✅
BOUIRA,AIN LAHDJAR,Inconnu,6480000.0,4,324000.0,0.0,0.0,SOUCONCENTRATION ✅
BOUIRA,AIN TURK BOUIRA,Inconnu,12616000.0,4,630800.0,0.0,0.0,SOUCONCENTRATION ✅
BOUIRA,AIT LAAZIZ,Inconnu,21350000.0,8,1067500.0,0.0,0.0,SOUCONCENTRATION ✅
BOUIRA,AOMAR,Inconnu,5139000.0,4,256950.0,0.0,0.0,SOUCONCENTRATION ✅
BOUIRA,BECHLOUL,Inconnu,8432000.0,4,421600.0,0.0,0.0,SOUCONCENTRATION ✅
BOUIRA,BIR GHBALOU,Inconnu,13339500.0,4,666975.0,0.0,0.0,SOUCONCENTRATION ✅
BOUIRA,BORDJ OUKHRISS,Inconnu,11200000.0,4,560000.0,0.0,0.0,SOUCONCENTRATION ✅
BOUIRA,BOUIRA,Inconnu,592133990.0,266,29606700.0,0.0,0.0,SOUCONCENTRATION ✅
BOUIRA,BOUKRAM,Inconnu,840000.0,1,42000.0,0.0,0.0,SOUCONCENTRATION ✅
BOUIRA,CHORFA BOUIRA,Inconnu,63020000.0,18,3151000.0,0.0,0.0,SOUCONCENTRATION ✅
BOUIRA,DECHMIA,Inconnu,4262500.0,2,213125.0,0.0,0.0,SOUCONCENTRATION ✅
BOUIRA,DIRAH,Inconnu,57280000.0,8,2864000.0,0.0,0.0,SOUCONCENTRATION ✅
BOUIRA,EL ADJIBA,Inconnu,13800000.0,4,690000.0,0.0,0.0,SOUCONCENTRATION ✅
BOUIRA,EL ASNAM,Inconnu,16697000.0,6,834850.0,0.0,0.0,SOUCONCENTRATION ✅
BOUIRA,EL HACHIMIA,Inconnu,18716440.0,12,935822.0,0.0,0.0,SOUCONCENTRATION ✅
BOUIRA,HADJERA ZERGA,Inconnu,5081250.0,2,254062.0,0.0,0.0,SOUCONCENTRATION ✅
BOUIRA,HAIZER,Inconnu,49544400.0,12,2477220.0,0.0,0.0,SOUCONCENTRATION ✅
BOUIRA,HAMMEDI,Inconnu,10000000.0,1,500000.0,0.0,0.0,SOUCONCENTRATION ✅
BOUIRA,HANIF,Inconnu,6300000.0,2,315000.0,0.0,0.0,SOUCONCENTRATION ✅
BOUIRA,IGHRAM,Inconnu,3500000.0,1,175000.0,0.0,0.0,SOUCONCENTRATION ✅
BOUIRA,KADIRIA,Inconnu,3720000.0,2,186000.0,0.0,0.0,SOUCONCENTRATION ✅
BOUIRA,KOUBA,Inconnu,1000000.0,1,50000.0,0.0,0.0,SOUCONCENTRATION ✅
BOUIRA,LAKHDARIA,Inconnu,21595000.0,7,1079750.0,0.0,0.0,SOUCONCENTRATION ✅
BOUIRA,MCHEDALLAH,Inconnu,42688200.0,15,2134410.0,0.0,0.0,SOUCONCENTRATION ✅
BOUIRA,OUED EL BERDI,Inconnu,6600000.0,3,330000.0,0.0,0.0,SOUCONCENTRATION ✅
BOUIRA,OULED RACHED,Inconnu,21000000.0,3,1050000.0,0.0,0.0,SOUCONCENTRATION ✅
BOUIRA,SAHARIDJ,Inconnu,2672820.0,2,133641.0,0.0,0.0,SOUCONCENTRATION ✅
BOUIRA,SOUK EL KHEMIS,Inconnu,7000000.0,2,350000.0,0.0,0.0,SOUCONCENTRATION ✅
BOUIRA,SOUR EL GHOZLANE,Inconnu,56731000.0,12,2836550.0,0.0,0.0,SOUCONCENTRATION ✅
BOUIRA,TAGHZOUT BOUIRA,Inconnu,56888330.0,12,2844416.0,0.0,0.0,SOUCONCENTRATION ✅
BOUIRA,TAGUEDIT,Inconnu,8525000.0,2,426250.0,0.0,0.0,SOUCONCENTRATION ✅
BOUIRA,TAMANRASSET,Inconnu,896000.0,1,44800.0,0.0,0.0,SOUCONCENTRATION ✅
BOUMERDES,AFIR,III,16940000.0,8,4235000.0,0.0,0.0,SOUCONCENTRATION ✅
BOUMERDES,BAGHLIA,III,290187650.0,26,72546912.0,0.0,0.0,SOUCONCENTRATION ✅
BOUMERDES,BEN CHOUD,III,17950000.0,11,4487500.0,0.0,0.0,SOUCONCENTRATION ✅
BOUMERDES,BENI AMRANE,III,3506650.0,4,876662.0,0.0,0.0,SOUCONCENTRATION ✅
BOUMERDES,BORDJ EL BAHRI,III,3040000.0,1,760000.0,0.0,0.0,SOUCONCENTRATION ✅
BOUMERDES,BORDJ MENAIEL,III,82854410.0,23,20713602.0,0.0,0.0,SOUCONCENTRATION ✅
BOUMERDES,BOUDOUAOU,III,324160220.0,73,81040055.0,0.0,0.0,SOUCONCENTRATION ✅
BOUMERDES,BOUDOUAOU EL BAHRI,III,122886540.0,15,30721635.0,1.0,1.0,SURCONCENTRATION ⚠️
BOUMERDES,BOUMERDES,III,1858125388.0,223,464531347.0,0.0,0.0,SOUCONCENTRATION ✅
BOUMERDES,BOUZEGZA KEDDARA,III,5570000.0,1,1392500.0,1.0,1.0,SURCONCENTRATION ⚠️
BOUMERDES,CHABET EL AMEUR,III,26098500.0,16,6524625.0,0.0,0.0,SOUCONCENTRATION ✅
BOUMERDES,CORSO,III,186529000.0,28,46632250.0,0.0,0.0,SOUCONCENTRATION ✅
BOUMERDES,DELLYS,III,442440946.0,113,110610236.0,0.0,0.0,SOUCONCENTRATION ✅
BOUMERDES,DJANET,III,2000000.0,1,500000.0,0.0,0.0,SOUCONCENTRATION ✅
BOUMERDES,DJINET,III,15058000.0,5,3764500.0,0.0,0.0,SOUCONCENTRATION ✅
BOUMERDES,EL KHARROUBA,III,594415000.0,7,148603750.0,1.0,1.0,SURCONCENTRATION ⚠️
BOUMERDES,HAMADI KROUMA,III,11500000.0,1,2875000.0,1.0,1.0,SURCONCENTRATION ⚠️
BOUMERDES,HAMADIA,III,7084000.0,5,1771000.0,0.0,0.0,SOUCONCENTRATION ✅
BOUMERDES,HAMMEDI,III,240829750.0,26,60207438.0,1.0,1.0,SURCONCENTRATION ⚠️
BOUMERDES,INCONNU,III,525000.0,1,131250.0,0.0,0.0,SOUCONCENTRATION ✅
BOUMERDES,ISSER,III,291844930.0,98,72961232.0,0.0,0.0,SOUCONCENTRATION ✅
BOUMERDES,KHEMIS EL KHECHNA,III,1509726650.0,93,377431662.0,0.0,0.0,SOUCONCENTRATION ✅
BOUMERDES,LAGHATA,III,4844000.0,2,1211000.0,0.0,0.0,SOUCONCENTRATION ✅
BOUMERDES,LARBATACHE,III,3236164400.0,23,809041100.0,0.0,0.0,SOUCONCENTRATION ✅
BOUMERDES,NACIRIA,III,88519350.0,11,22129838.0,0.0,0.0,SOUCONCENTRATION ✅
BOUMERDES,OULED AISSA,III,2000000.0,2,500000.0,0.0,0.0,SOUCONCENTRATION ✅
BOUMERDES,OULED AISSA BOUMERDES,III,4075000.0,2,1018750.0,0.0,0.0,SOUCONCENTRATION ✅
BOUMERDES,OULED HADJADJ,III,130937690.0,26,32734422.0,0.0,0.0,SOUCONCENTRATION ✅
BOUMERDES,OULED MOUSSA,III,1586162000.0,219,396540500.0,1.0,1.0,SURCONCENTRATION ⚠️
BOUMERDES,REGHAIA,III,7550000.0,2,1887500.0,0.0,0.0,SOUCONCENTRATION ✅
BOUMERDES,SI MUSTAPHA,III,8474000.0,5,2118500.0,0.0,0.0,SOUCONCENTRATION ✅
BOUMERDES,SIDI DAOUD,III,50051056.0,22,12512764.0,0.0,0.0,SOUCONCENTRATION ✅
BOUMERDES,SIDI MOUSSA,III,3952000.0,1,988000.0,0.0,0.0,SOUCONCENTRATION ✅
BOUMERDES,SOUK EL HAD BOUMERDES,III,6839600.0,3,1709900.0,0.0,0.0,SOUCONCENTRATION ✅
BOUMERDES,TAOURGA,III,28150050.0,24,7037512.0,0.0,0.0,SOUCONCENTRATION ✅
BOUMERDES,THENIA,III,116509580.0,16,29127395.0,1.0,1.0,SURCONCENTRATION ⚠️
BOUMERDES,TIDJELABINE,III,4256824429.0,19,1064206107.0,0.0,0.0,SOUCONCENTRATION ✅
BOUMERDES,TIMEZRIT,IIa,37602250.0,8,3760225.0,0.0,0.0,SOUCONCENTRATION ✅
BOUMERDES,TIMZRIT,III,2000000.0,1,500000.0,0.0,0.0,SOUCONCENTRATION ✅
BOUMERDES,ZEMMOURI,III,122721340.0,13,30680335.0,0.0,0.0,SOUCONCENTRATION ✅
CHLEF,AIN MERANE,III,16937100.0,6,4234275.0,0.0,0.0,SOUCONCENTRATION ✅
CHLEF,BENI RACHED,III,1128000.0,1,282000.0,0.0,0.0,SOUCONCENTRATION ✅
CHLEF,BOUKADIR,III,299455430.0,75,74863858.0,0.0,0.0,SOUCONCENTRATION ✅
CHLEF,CHETTIA,III,1000000.0,1,250000.0,0.0,0.0,SOUCONCENTRATION ✅
CHLEF,CHLEF,III,120435030.0,52,30108758.0,0.0,0.0,SOUCONCENTRATION ✅
CHLEF,DAHRA,III,1499100.0,1,374775.0,0.0,0.0,SOUCONCENTRATION ✅
CHLEF,EL KARIMIA,III,9557900.0,6,2389475.0,0.0,0.0,SOUCONCENTRATION ✅
CHLEF,EL MARSA CHLEF,III,53900000.0,1,13475000.0,1.0,1.0,SURCONCENTRATION ⚠️
CHLEF,OUED FODDA,III,3299000.0,2,824750.0,0.0,0.0,SOUCONCENTRATION ✅
CHLEF,OUED GHOUSSINE,III,19570000.0,5,4892500.0,0.0,0.0,SOUCONCENTRATION ✅
CHLEF,OUED SLY,III,55650000.0,21,13912500.0,0.0,0.0,SOUCONCENTRATION ✅
CHLEF,OULED ABBES,III,2500000.0,1,625000.0,0.0,0.0,SOUCONCENTRATION ✅
CHLEF,OULED BEN ABDELKADER,III,4000000.0,3,1000000.0,0.0,0.0,SOUCONCENTRATION ✅
CHLEF,OULED FARES,III,8638860.0,2,2159715.0,0.0,0.0,SOUCONCENTRATION ✅
CHLEF,SENDJAS,III,624000.0,1,156000.0,0.0,0.0,SOUCONCENTRATION ✅
CHLEF,SOBHA,III,9000000.0,3,2250000.0,0.0,0.0,SOUCONCENTRATION ✅
CHLEF,TAOUGRITE,III,1000000.0,1,250000.0,0.0,0.0,SOUCONCENTRATION ✅
CHLEF,TENES,III,2884200.0,1,721050.0,0.0,0.0,SOUCONCENTRATION ✅
CHLEF,TIMOKTEN,III,1000000.0,1,250000.0,0.0,0.0,SOUCONCENTRATION ✅
CHLEF,ZEBOUDJA,III,2209000.0,1,552250.0,0.0,0.0,SOUCONCENTRATION ✅
CONSTANTINE,AIN ABID,IIa,352927389.0,127,35292739.0,0.0,0.0,SOUCONCENTRATION ✅
CONSTANTINE,AIN SMARA,IIa,152109170.0,26,15210917.0,0.0,0.0,SOUCONCENTRATION ✅
CONSTANTINE,BEN BADIS CONSTANTINE,IIa,27410000.0,7,2741000.0,0.0,0.0,SOUCONCENTRATION ✅
CONSTANTINE,BENI HAMIDENE,IIa,23759110.0,12,2375911.0,0.0,0.0,SOUCONCENTRATION ✅
CONSTANTINE,CONSTANTINE,IIa,9662246675.0,742,966224668.0,0.0,0.0,SOUCONCENTRATION ✅
CONSTANTINE,DIDOUCHE MOURAD,IIa,530732110.0,106,53073211.0,0.0,0.0,SOUCONCENTRATION ✅
CONSTANTINE,EL KHROUB,IIa,2083064141.0,527,208306414.0,0.0,0.0,SOUCONCENTRATION ✅
CONSTANTINE,HAMMA BOUZIANE,IIa,820892683.0,250,82089268.0,0.0,0.0,SOUCONCENTRATION ✅
CONSTANTINE,IBN ZIAD,IIa,51110000.0,15,5111000.0,0.0,0.0,SOUCONCENTRATION ✅
CONSTANTINE,MESAOUD BOUDJERIOU,IIa,4000000.0,1,400000.0,0.0,0.0,SOUCONCENTRATION ✅
CONSTANTINE,OULED RAHMOUN,IIa,15400000.0,6,1540000.0,0.0,0.0,SOUCONCENTRATION ✅
CONSTANTINE,ZIGHOUD YOUCEF,IIa,119432830.0,68,11943283.0,0.0,0.0,SOUCONCENTRATION ✅
DJELFA,BENHAR,I,88000000.0,2,4400000.0,0.0,0.0,SOUCONCENTRATION ✅
DJELFA,BOUSAADA,I,10354000.0,1,517700.0,0.0,0.0,SOUCONCENTRATION ✅
DJELFA,DAR EL BEIDA,I,5640000.0,1,282000.0,0.0,0.0,SOUCONCENTRATION ✅
DJELFA,DJELFA,I,36928000.0,3,1846400.0,0.0,0.0,SOUCONCENTRATION ✅
DJELFA,LES EUCALYPTUS,I,3000000.0,1,150000.0,0.0,0.0,SOUCONCENTRATION ✅
DJELFA,REGHAIA,I,3800000.0,1,190000.0,0.0,0.0,SOUCONCENTRATION ✅
DJELFA,SOUIDANIA,I,4180000.0,1,209000.0,0.0,0.0,SOUCONCENTRATION ✅
EL BAYADH,EL BAYADH,Inconnu,1000000.0,1,50000.0,0.0,0.0,SOUCONCENTRATION ✅
EL MGHAIR,EL MGHAIR,Inconnu,3000000.0,1,150000.0,0.0,0.0,SOUCONCENTRATION ✅
EL OUED,BAYADHA,Inconnu,17100000.0,7,855000.0,0.0,0.0,SOUCONCENTRATION ✅
EL OUED,EL OUED,Inconnu,502884687.0,104,25144234.0,0.0,0.0,SOUCONCENTRATION ✅
EL OUED,HAMRAIA,Inconnu,5880000.0,1,294000.0,0.0,0.0,SOUCONCENTRATION ✅
EL OUED,HASSANI ABDELKRIM,Inconnu,9500000.0,2,475000.0,0.0,0.0,SOUCONCENTRATION ✅
EL OUED,HASSI KHELIFA,Inconnu,5000000.0,2,250000.0,0.0,0.0,SOUCONCENTRATION ✅
EL OUED,KOUININE,Inconnu,10304000.0,2,515200.0,0.0,0.0,SOUCONCENTRATION ✅
EL OUED,MIH OUENSA,Inconnu,203000000.0,5,10150000.0,0.0,0.0,SOUCONCENTRATION ✅
EL OUED,NAKHLA,Inconnu,23908000.0,4,1195400.0,0.0,0.0,SOUCONCENTRATION ✅
EL OUED,REGUIBA,Inconnu,19000000.0,4,950000.0,0.0,0.0,SOUCONCENTRATION ✅
EL OUED,ROBBAH,Inconnu,1500000.0,1,75000.0,0.0,0.0,SOUCONCENTRATION ✅
EL OUED,TRIFAOU,Inconnu,1000000.0,1,50000.0,0.0,0.0,SOUCONCENTRATION ✅
EL TAREF,AIN KERMA EL TARF,Inconnu,2000000.0,2,100000.0,0.0,0.0,SOUCONCENTRATION ✅
EL TAREF,AKABILI,Inconnu,3000000.0,1,150000.0,0.0,0.0,SOUCONCENTRATION ✅
EL TAREF,BEN MHIDI,Inconnu,29388000.0,7,1469400.0,0.0,0.0,SOUCONCENTRATION ✅
EL TAREF,BESBES,Inconnu,2149280.0,1,107464.0,0.0,0.0,SOUCONCENTRATION ✅
EL TAREF,BESBES EL TARF,Inconnu,1640833620.0,1,82041681.0,0.0,0.0,SOUCONCENTRATION ✅
EL TAREF,ECHATT,Inconnu,291559370.0,69,14577968.0,0.0,0.0,SOUCONCENTRATION ✅
EL TAREF,EL KALA,Inconnu,4907536000.0,6,245376800.0,0.0,0.0,SOUCONCENTRATION ✅
EL TAREF,OULED RAHMOUN,Inconnu,14000000.0,1,700000.0,0.0,0.0,SOUCONCENTRATION ✅
EL TAREF,TARF,Inconnu,14665000.0,5,733250.0,0.0,0.0,SOUCONCENTRATION ✅
GHARDAIA,BERRIANE,0,532280.0,1,5323.0,0.0,0.0,SOUCONCENTRATION ✅
GHARDAIA,EL ATTEUF,0,672000.0,1,6720.0,0.0,0.0,SOUCONCENTRATION ✅
GHARDAIA,GHARDAIA,0,81816000.0,32,818160.0,0.0,0.0,SOUCONCENTRATION ✅
GUELMA,GUELAAT BOUSBAA,Inconnu,6545000.0,1,327250.0,0.0,0.0,SOUCONCENTRATION ✅
GUELMA,GUELMA,Inconnu,60045160.0,4,3002258.0,0.0,0.0,SOUCONCENTRATION ✅
GUELMA,MESAOUD BOUDJERIOU,Inconnu,3800000.0,1,190000.0,0.0,0.0,SOUCONCENTRATION ✅
GUELMA,NECHMAYA,Inconnu,4528350.0,2,226418.0,0.0,0.0,SOUCONCENTRATION ✅
GUELMA,OUED ZENATI,Inconnu,7000000.0,2,350000.0,0.0,0.0,SOUCONCENTRATION ✅
IN GUEZZAM,IN GUEZZAM,Inconnu,128412000.0,13,6420600.0,0.0,0.0,SOUCONCENTRATION ✅
IN GUEZZAM,TIN ZAOUATINE,Inconnu,1400000.0,2,70000.0,0.0,0.0,SOUCONCENTRATION ✅
INCONNU,AIN LAGRADJ,Inconnu,2000000.0,1,100000.0,0.0,0.0,SOUCONCENTRATION ✅
INCONNU,AIN TURK,Inconnu,1000000.0,1,50000.0,0.0,0.0,SOUCONCENTRATION ✅
INCONNU,AIN TURK BOUIRA,Inconnu,4200000.0,1,210000.0,0.0,0.0,SOUCONCENTRATION ✅
INCONNU,BEN KHELIL,Inconnu,1175000.0,1,58750.0,0.0,0.0,SOUCONCENTRATION ✅
INCONNU,BENI FOUDA,Inconnu,1750000.0,1,87500.0,0.0,0.0,SOUCONCENTRATION ✅
INCONNU,BENI OUARTILANE,Inconnu,2000000.0,1,100000.0,0.0,0.0,SOUCONCENTRATION ✅
INCONNU,BIR EL DJIR,Inconnu,10338000.0,5,516900.0,0.0,0.0,SOUCONCENTRATION ✅
INCONNU,BORDJ BOU ARRERIDJ,Inconnu,6720000.0,2,336000.0,0.0,0.0,SOUCONCENTRATION ✅
INCONNU,BOU ISMAIL,Inconnu,2000000.0,1,100000.0,0.0,0.0,SOUCONCENTRATION ✅
INCONNU,BOUHAROUN,Inconnu,2000000.0,1,100000.0,0.0,0.0,SOUCONCENTRATION ✅
INCONNU,BOUINAN,Inconnu,3230000.0,1,161500.0,0.0,0.0,SOUCONCENTRATION ✅
INCONNU,BOUMERDES,Inconnu,2745500.0,1,137275.0,0.0,0.0,SOUCONCENTRATION ✅
INCONNU,CHEKFA,Inconnu,18600000.0,1,930000.0,0.0,0.0,SOUCONCENTRATION ✅
INCONNU,CHERCHEL,Inconnu,3033540.0,1,151677.0,0.0,0.0,SOUCONCENTRATION ✅
INCONNU,CONSTANTINE,Inconnu,4508520.0,2,225426.0,0.0,0.0,SOUCONCENTRATION ✅
INCONNU,EMIR ABDELKADER,Inconnu,1116000.0,1,55800.0,0.0,0.0,SOUCONCENTRATION ✅
INCONNU,ES SENIA,Inconnu,3500000.0,1,175000.0,0.0,0.0,SOUCONCENTRATION ✅
INCONNU,FERRAOUN,Inconnu,1000000.0,1,50000.0,0.0,0.0,SOUCONCENTRATION ✅
INCONNU,FOUKA,Inconnu,1000000.0,1,50000.0,0.0,0.0,SOUCONCENTRATION ✅
INCONNU,GDYEL,Inconnu,2205000.0,1,110250.0,0.0,0.0,SOUCONCENTRATION ✅
INCONNU,HAMMA BOUZIANE,Inconnu,1000000.0,1,50000.0,0.0,0.0,SOUCONCENTRATION ✅
INCONNU,INCONNU,Inconnu,3000000.0,1,150000.0,0.0,0.0,SOUCONCENTRATION ✅
INCONNU,JIJEL,Inconnu,451050.0,1,22552.0,0.0,0.0,SOUCONCENTRATION ✅
INCONNU,KAOUS,Inconnu,2254630.0,1,112732.0,0.0,0.0,SOUCONCENTRATION ✅
INCONNU,KHENCHELA,Inconnu,12005490.0,5,600274.0,0.0,0.0,SOUCONCENTRATION ✅
INCONNU,MAATKA,Inconnu,2520000.0,2,126000.0,0.0,0.0,SOUCONCENTRATION ✅
INCONNU,MAHELMA,Inconnu,4800000.0,2,240000.0,0.0,0.0,SOUCONCENTRATION ✅
INCONNU,ORAN,Inconnu,5058590.0,3,252930.0,0.0,0.0,SOUCONCENTRATION ✅
INCONNU,OUDJANA,Inconnu,2790000.0,1,139500.0,0.0,0.0,SOUCONCENTRATION ✅
INCONNU,SETIF,Inconnu,2100000.0,1,105000.0,0.0,0.0,SOUCONCENTRATION ✅
INCONNU,SIDI MAKHLOUF,Inconnu,1240000.0,1,62000.0,0.0,0.0,SOUCONCENTRATION ✅
INCONNU,SIDI RACHED,Inconnu,3000000.0,1,150000.0,0.0,0.0,SOUCONCENTRATION ✅
INCONNU,TAHER,Inconnu,7440000.0,2,372000.0,0.0,0.0,SOUCONCENTRATION ✅
INCONNU,TAMANRASSET,Inconnu,11760000.0,3,588000.0,0.0,0.0,SOUCONCENTRATION ✅
INCONNU,TIPAZA,Inconnu,2795660.0,1,139783.0,0.0,0.0,SOUCONCENTRATION ✅
INCONNU,ZEGHAIA,Inconnu,560000.0,1,28000.0,0.0,0.0,SOUCONCENTRATION ✅
JIJEL,BORDJ TAHER,IIa,5088650.0,3,508865.0,0.0,0.0,SOUCONCENTRATION ✅
JIJEL,BOURAOUI BELHADEF,IIa,10540000.0,6,1054000.0,0.0,0.0,SOUCONCENTRATION ✅
JIJEL,BOUSSIF OULED AKSEUR,IIa,4068440.0,4,406844.0,0.0,0.0,SOUCONCENTRATION ✅
JIJEL,CHAHNA,IIa,16213000.0,7,1621300.0,0.0,0.0,SOUCONCENTRATION ✅
JIJEL,CHEKFA,IIa,147229600.0,67,14722960.0,0.0,0.0,SOUCONCENTRATION ✅
JIJEL,DJEMAA BENI HABIBI,IIa,7192000.0,4,719200.0,0.0,0.0,SOUCONCENTRATION ✅
JIJEL,EL ANCER,IIa,5213050.0,3,521305.0,0.0,0.0,SOUCONCENTRATION ✅
JIJEL,EL AOUANA,IIa,14724000.0,4,1472400.0,0.0,0.0,SOUCONCENTRATION ✅
JIJEL,EL EULMA,IIa,5460000.0,1,546000.0,0.0,0.0,SOUCONCENTRATION ✅
JIJEL,EL KENNAR NOUCHFI,IIa,145699880.0,72,14569988.0,0.0,0.0,SOUCONCENTRATION ✅
JIJEL,EL MILIA,IIa,3235470.0,2,323547.0,0.0,0.0,SOUCONCENTRATION ✅
JIJEL,EMIR ABDELKADER,IIa,395885670.0,148,39588567.0,0.0,0.0,SOUCONCENTRATION ✅
JIJEL,INCONNU,IIa,2183330.0,1,218333.0,0.0,0.0,SOUCONCENTRATION ✅
JIJEL,JIJEL,IIa,245147310.0,91,24514731.0,0.0,0.0,SOUCONCENTRATION ✅
JIJEL,KAOUS,IIa,36288910.0,10,3628891.0,0.0,0.0,SOUCONCENTRATION ✅
JIJEL,KIMIR OUED ADJOUL,IIa,5022000.0,2,502200.0,0.0,0.0,SOUCONCENTRATION ✅
JIJEL,OUDJANA,IIa,47717150.0,23,4771715.0,0.0,0.0,SOUCONCENTRATION ✅
JIJEL,SIDI ABDELAZIZ,IIa,45771810.0,26,4577181.0,0.0,0.0,SOUCONCENTRATION ✅
JIJEL,SIDI MAAROUF,IIa,3096280.0,1,309628.0,0.0,0.0,SOUCONCENTRATION ✅
JIJEL,TAHER,IIa,1627693720.0,797,162769372.0,0.0,0.0,SOUCONCENTRATION ✅
JIJEL,TEXENNA,IIa,1369270.0,1,136927.0,0.0,0.0,SOUCONCENTRATION ✅
JIJEL,ZIAMA MANSOURIA JIJEL,IIa,19000000.0,7,1900000.0,0.0,0.0,SOUCONCENTRATION ✅
KHENCHELA,AIN TOUILA,Inconnu,1636880.0,1,81844.0,0.0,0.0,SOUCONCENTRATION ✅
KHENCHELA,BAGHAI,Inconnu,100440000.0,3,5022000.0,0.0,0.0,SOUCONCENTRATION ✅
KHENCHELA,BOUHMAMA,Inconnu,3658000.0,2,182900.0,0.0,0.0,SOUCONCENTRATION ✅
KHENCHELA,CHELIA,Inconnu,1240000.0,1,62000.0,0.0,0.0,SOUCONCENTRATION ✅
KHENCHELA,EL HAMMA,Inconnu,14462120.0,6,723106.0,0.0,0.0,SOUCONCENTRATION ✅
KHENCHELA,EL MAHMAL,Inconnu,9407570.0,4,470378.0,0.0,0.0,SOUCONCENTRATION ✅
KHENCHELA,ENSIGHA,Inconnu,6686700.0,3,334335.0,0.0,0.0,SOUCONCENTRATION ✅
KHENCHELA,KHENCHELA,Inconnu,344474190.0,118,17223710.0,0.0,0.0,SOUCONCENTRATION ✅
KHENCHELA,MTOUSSA,Inconnu,7433480.0,3,371674.0,0.0,0.0,SOUCONCENTRATION ✅
KHENCHELA,TAMZA,Inconnu,11887260.0,6,594363.0,0.0,0.0,SOUCONCENTRATION ✅
KHENCHELA,YABOUS,Inconnu,2635000.0,3,131750.0,0.0,0.0,SOUCONCENTRATION ✅
LAGHOUAT,AFLOU,Inconnu,6505660.0,4,325283.0,0.0,0.0,SOUCONCENTRATION ✅
LAGHOUAT,AIN MADHI,Inconnu,6200000.0,3,310000.0,0.0,0.0,SOUCONCENTRATION ✅
LAGHOUAT,BATNA,Inconnu,3305400.0,1,165270.0,0.0,0.0,SOUCONCENTRATION ✅
LAGHOUAT,EL ASSAFIA,Inconnu,2480000.0,1,124000.0,0.0,0.0,SOUCONCENTRATION ✅
LAGHOUAT,EL IDRISSIA,Inconnu,1687950.0,1,84398.0,0.0,0.0,SOUCONCENTRATION ✅
LAGHOUAT,HASSI DHELAA,Inconnu,8959000.0,5,447950.0,0.0,0.0,SOUCONCENTRATION ✅
LAGHOUAT,HASSI RMEL,Inconnu,17212440.0,11,860622.0,0.0,0.0,SOUCONCENTRATION ✅
LAGHOUAT,KHENEG,Inconnu,7440000.0,3,372000.0,0.0,0.0,SOUCONCENTRATION ✅
LAGHOUAT,KSAR EL HIRANE,Inconnu,27373000.0,13,1368650.0,0.0,0.0,SOUCONCENTRATION ✅
LAGHOUAT,LAGHOUAT,Inconnu,462780751.0,216,23139038.0,0.0,0.0,SOUCONCENTRATION ✅
LAGHOUAT,SIDI MAKHLOUF,Inconnu,19046400.0,8,952320.0,0.0,0.0,SOUCONCENTRATION ✅
LAGHOUAT,TADJEMOUT,Inconnu,7360330.0,4,368016.0,0.0,0.0,SOUCONCENTRATION ✅
M SILA,AIN EL HADJEL,Inconnu,196094400.0,49,9804720.0,0.0,0.0,SOUCONCENTRATION ✅
M SILA,AIN KHADRA,Inconnu,14255000.0,10,712750.0,0.0,0.0,SOUCONCENTRATION ✅
M SILA,BELAIBA,Inconnu,2800000.0,2,140000.0,0.0,0.0,SOUCONCENTRATION ✅
M SILA,BEN SROUR,Inconnu,1960000.0,1,98000.0,0.0,0.0,SOUCONCENTRATION ✅
M SILA,BENI ILMENE,Inconnu,56939000.0,12,2846950.0,0.0,0.0,SOUCONCENTRATION ✅
M SILA,BERHOUM,Inconnu,23000000.0,16,1150000.0,0.0,0.0,SOUCONCENTRATION ✅
M SILA,BOUROUBA,Inconnu,1692000.0,1,84600.0,0.0,0.0,SOUCONCENTRATION ✅
M SILA,BOUSAADA,Inconnu,5040000.0,1,252000.0,0.0,0.0,SOUCONCENTRATION ✅
M SILA,BOUTI SAYEH,Inconnu,3000000.0,3,150000.0,0.0,0.0,SOUCONCENTRATION ✅
M SILA,CASBAH,Inconnu,6439000.0,1,321950.0,0.0,0.0,SOUCONCENTRATION ✅
M SILA,DEHAHNA,Inconnu,2000000.0,1,100000.0,0.0,0.0,SOUCONCENTRATION ✅
M SILA,HAMMAM BOUGHRARA,Inconnu,1000000.0,1,50000.0,0.0,0.0,SOUCONCENTRATION ✅
M SILA,HAMMAM DHALAA,Inconnu,307797700.0,69,15389885.0,0.0,0.0,SOUCONCENTRATION ✅
M SILA,INCONNU,Inconnu,2397850.0,1,119892.0,0.0,0.0,SOUCONCENTRATION ✅
M SILA,KHETTOUTI SED EL DJIR,Inconnu,2688000.0,2,134400.0,0.0,0.0,SOUCONCENTRATION ✅
M SILA,MAADID,Inconnu,1670000.0,2,83500.0,0.0,0.0,SOUCONCENTRATION ✅
M SILA,MAGRA,Inconnu,11007600.0,8,550380.0,0.0,0.0,SOUCONCENTRATION ✅
M SILA,MCIF,Inconnu,12400000.0,4,620000.0,0.0,0.0,SOUCONCENTRATION ✅
M SILA,METARFA,Inconnu,1000000.0,1,50000.0,0.0,0.0,SOUCONCENTRATION ✅
M SILA,MSILA,Inconnu,603990140.0,254,30199507.0,0.0,0.0,SOUCONCENTRATION ✅
M SILA,OUENOUGHA,Inconnu,20100000.0,4,1005000.0,0.0,0.0,SOUCONCENTRATION ✅
M SILA,OULED ADDI GUEBALA,Inconnu,2968000.0,2,148400.0,0.0,0.0,SOUCONCENTRATION ✅
M SILA,OULED DERRADJ,Inconnu,3454640.0,2,172732.0,0.0,0.0,SOUCONCENTRATION ✅
M SILA,OULED MADHI,Inconnu,2480000.0,2,124000.0,0.0,0.0,SOUCONCENTRATION ✅
M SILA,OULED SIDI BRAHIM M SILA,Inconnu,5425000.0,1,271250.0,0.0,0.0,SOUCONCENTRATION ✅
M SILA,SIDI AISSA,Inconnu,753497800.0,162,37674890.0,0.0,0.0,SOUCONCENTRATION ✅
M SILA,SIDI HADJERES,Inconnu,31300000.0,7,1565000.0,0.0,0.0,SOUCONCENTRATION ✅
M SILA,TAMENTIT,Inconnu,2000000.0,1,100000.0,0.0,0.0,SOUCONCENTRATION ✅
MASCARA,AIN FARES MASCARA,Inconnu,20679170.0,9,1033958.0,0.0,0.0,SOUCONCENTRATION ✅
MASCARA,AIN FEKAN,Inconnu,5800000.0,2,290000.0,0.0,0.0,SOUCONCENTRATION ✅
MASCARA,ALAIMIA,Inconnu,1000000.0,1,50000.0,0.0,0.0,SOUCONCENTRATION ✅
MASCARA,BOUHANIFIA,Inconnu,16370480.0,8,818524.0,0.0,0.0,SOUCONCENTRATION ✅
MASCARA,EL HACHEM,Inconnu,16740000.0,3,837000.0,0.0,0.0,SOUCONCENTRATION ✅
MASCARA,EL KEURT,Inconnu,2100000.0,2,105000.0,0.0,0.0,SOUCONCENTRATION ✅
MASCARA,EL MAMOUNIA,Inconnu,2460500.0,1,123025.0,0.0,0.0,SOUCONCENTRATION ✅
MASCARA,FROHA,Inconnu,8103200.0,4,405160.0,0.0,0.0,SOUCONCENTRATION ✅
MASCARA,GHRISS,Inconnu,72806000.0,4,3640300.0,0.0,0.0,SOUCONCENTRATION ✅
MASCARA,HACINE,Inconnu,5785500.0,2,289275.0,0.0,0.0,SOUCONCENTRATION ✅
MASCARA,MAOUSSA,Inconnu,10465000.0,3,523250.0,0.0,0.0,SOUCONCENTRATION ✅
MASCARA,MASCARA,Inconnu,3006705197.0,953,150335260.0,0.0,0.0,SOUCONCENTRATION ✅
MASCARA,MOHAMMADIA MASCARA,Inconnu,16309206.0,5,815460.0,0.0,0.0,SOUCONCENTRATION ✅
MASCARA,OUED EL ABTAL,Inconnu,620000.0,1,31000.0,0.0,0.0,SOUCONCENTRATION ✅
MASCARA,OUED TAGHIA,Inconnu,1550000.0,1,77500.0,0.0,0.0,SOUCONCENTRATION ✅
MASCARA,SIDI KADA,Inconnu,6125000.0,2,306250.0,0.0,0.0,SOUCONCENTRATION ✅
MASCARA,SIG,Inconnu,27988300.0,5,1399415.0,0.0,0.0,SOUCONCENTRATION ✅
MASCARA,TIGHENNIF,Inconnu,100000000.0,2,5000000.0,0.0,0.0,SOUCONCENTRATION ✅
MASCARA,TIZI,Inconnu,40813850.0,18,2040692.0,0.0,0.0,SOUCONCENTRATION ✅
MASCARA,ZAHANA,Inconnu,3481000.0,2,174050.0,0.0,0.0,SOUCONCENTRATION ✅
MEDEA,AIN BOUCHEKIF,Inconnu,1596000.0,1,79800.0,0.0,0.0,SOUCONCENTRATION ✅
MEDEA,AIN BOUCIF,Inconnu,3100000.0,1,155000.0,0.0,0.0,SOUCONCENTRATION ✅
MEDEA,BENI SLIMANE,Inconnu,4000000.0,1,200000.0,0.0,0.0,SOUCONCENTRATION ✅
MEDEA,BERROUAGHIA,Inconnu,1028229410.0,291,51411470.0,0.0,0.0,SOUCONCENTRATION ✅
MEDEA,BIR KHADEM,Inconnu,2774000.0,1,138700.0,0.0,0.0,SOUCONCENTRATION ✅
MEDEA,BOUCHRAHIL,Inconnu,9090000.0,2,454500.0,0.0,0.0,SOUCONCENTRATION ✅
MEDEA,BOUGHZOUL,Inconnu,3000000.0,1,150000.0,0.0,0.0,SOUCONCENTRATION ✅
MEDEA,CHELLALAT EL ADHAOURA,Inconnu,23573490.0,8,1178674.0,0.0,0.0,SOUCONCENTRATION ✅
MEDEA,CHENIGUEL,Inconnu,8500000.0,1,425000.0,0.0,0.0,SOUCONCENTRATION ✅
MEDEA,DRAA ESSMAR,Inconnu,75405130.0,15,3770256.0,0.0,0.0,SOUCONCENTRATION ✅
MEDEA,EL AOUINET MEDEA,Inconnu,1000000.0,1,50000.0,0.0,0.0,SOUCONCENTRATION ✅
MEDEA,EL GUELBELKEBIR,Inconnu,4500000.0,3,225000.0,0.0,0.0,SOUCONCENTRATION ✅
MEDEA,EL OMARIA,Inconnu,25532750.0,8,1276638.0,0.0,0.0,SOUCONCENTRATION ✅
MEDEA,KHAMS DJOUAMAA,Inconnu,4156250.0,1,207812.0,0.0,0.0,SOUCONCENTRATION ✅
MEDEA,KSAR EL BOUKHARI,Inconnu,12881480.0,4,644074.0,0.0,0.0,SOUCONCENTRATION ✅
MEDEA,MEDEA,Inconnu,2147329718.0,316,107366486.0,0.0,0.0,SOUCONCENTRATION ✅
MEDEA,MOUDJEBEUR,Inconnu,7500000.0,2,375000.0,0.0,0.0,SOUCONCENTRATION ✅
MEDEA,OUAMRI,Inconnu,29542000.0,6,1477100.0,0.0,0.0,SOUCONCENTRATION ✅
MEDEA,OULED BRAHIM MEDEA,Inconnu,7576400.0,2,378820.0,0.0,0.0,SOUCONCENTRATION ✅
MEDEA,OULED DEIDE,Inconnu,17671200.0,6,883560.0,0.0,0.0,SOUCONCENTRATION ✅
MEDEA,OULED MAAREF,Inconnu,3003400.0,2,150170.0,0.0,0.0,SOUCONCENTRATION ✅
MEDEA,OUZERA,Inconnu,35829440.0,12,1791472.0,0.0,0.0,SOUCONCENTRATION ✅
MEDEA,REBAIA,Inconnu,13800000.0,3,690000.0,0.0,0.0,SOUCONCENTRATION ✅
MEDEA,SEDRAIA,Inconnu,7000000.0,2,350000.0,0.0,0.0,SOUCONCENTRATION ✅
MEDEA,SEGHOUANE,Inconnu,11502600.0,3,575130.0,0.0,0.0,SOUCONCENTRATION ✅
MEDEA,SI MAHDJOUB,Inconnu,1000000.0,1,50000.0,0.0,0.0,SOUCONCENTRATION ✅
MEDEA,SIDI NAAMANE MEDEA,Inconnu,34763030.0,13,1738152.0,0.0,0.0,SOUCONCENTRATION ✅
MEDEA,SIDI ZAHAR,Inconnu,3000000.0,1,150000.0,0.0,0.0,SOUCONCENTRATION ✅
MEDEA,SOUAGUI,Inconnu,4130000.0,1,206500.0,0.0,0.0,SOUCONCENTRATION ✅
MEDEA,TABLAT,Inconnu,9622000.0,4,481100.0,0.0,0.0,SOUCONCENTRATION ✅
MEDEA,TLATET ED DOUAIR,Inconnu,10951250.0,4,547562.0,0.0,0.0,SOUCONCENTRATION ✅
MEDEA,ZOUBIRIA,Inconnu,23300000.0,8,1165000.0,0.0,0.0,SOUCONCENTRATION ✅
MILA,AHMED RACHDI,Inconnu,27511750.0,10,1375588.0,0.0,0.0,SOUCONCENTRATION ✅
MILA,AIN SMARA,Inconnu,4000000.0,1,200000.0,0.0,0.0,SOUCONCENTRATION ✅
MILA,AMIRA ARRES,Inconnu,22435140.0,13,1121757.0,0.0,0.0,SOUCONCENTRATION ✅
MILA,AZZABA,Inconnu,1750000.0,1,87500.0,0.0,0.0,SOUCONCENTRATION ✅
MILA,BENYAHIA ABDERRAHMANE,Inconnu,2000000.0,1,100000.0,0.0,0.0,SOUCONCENTRATION ✅
MILA,BOUHATEM,Inconnu,3000000.0,1,150000.0,0.0,0.0,SOUCONCENTRATION ✅
MILA,CHELGHOUM LAID,Inconnu,624990665.0,204,31249533.0,0.0,0.0,SOUCONCENTRATION ✅
MILA,CHERAGA MILA,Inconnu,3000000.0,1,150000.0,0.0,0.0,SOUCONCENTRATION ✅
MILA,DERRADJI BOUSSELAH,Inconnu,3000000.0,1,150000.0,0.0,0.0,SOUCONCENTRATION ✅
MILA,EL MCHIRA,Inconnu,54006900.0,14,2700345.0,0.0,0.0,SOUCONCENTRATION ✅
MILA,FERDJIOUA,Inconnu,5543300.0,4,277165.0,0.0,0.0,SOUCONCENTRATION ✅
MILA,GRAREM GOUGA,Inconnu,64476430.0,35,3223822.0,0.0,0.0,SOUCONCENTRATION ✅
MILA,HAMALA,Inconnu,1434020000.0,4,71701000.0,0.0,0.0,SOUCONCENTRATION ✅
MILA,MECHRIA,Inconnu,4000000.0,2,200000.0,0.0,0.0,SOUCONCENTRATION ✅
MILA,MILA,Inconnu,271480100.0,79,13574005.0,0.0,0.0,SOUCONCENTRATION ✅
MILA,MINAR ZARZA,Inconnu,1680000.0,1,84000.0,0.0,0.0,SOUCONCENTRATION ✅
MILA,OUED ATHMANIA,Inconnu,6000000.0,3,300000.0,0.0,0.0,SOUCONCENTRATION ✅
MILA,OUED ENDJA,Inconnu,39994850.0,24,1999742.0,0.0,0.0,SOUCONCENTRATION ✅
MILA,OUED SEGUEN,Inconnu,123521420.0,31,6176071.0,0.0,0.0,SOUCONCENTRATION ✅
MILA,OULED HAMLA,Inconnu,3000000.0,1,150000.0,0.0,0.0,SOUCONCENTRATION ✅
MILA,OULED KHELLOUF,Inconnu,22028950.0,5,1101448.0,0.0,0.0,SOUCONCENTRATION ✅
MILA,ROUACHED,Inconnu,501986903.0,25,25099345.0,0.0,0.0,SOUCONCENTRATION ✅
MILA,SIDI MEROUANE,Inconnu,13638100.0,6,681905.0,0.0,0.0,SOUCONCENTRATION ✅
MILA,TADJENANET,Inconnu,175162690.0,69,8758134.0,0.0,0.0,SOUCONCENTRATION ✅
MILA,TASSALA LEMTAI,Inconnu,10338650.0,8,516932.0,0.0,0.0,SOUCONCENTRATION ✅
MILA,TELAGHMA,Inconnu,729958860.0,189,36497943.0,0.0,0.0,SOUCONCENTRATION ✅
MILA,TERRAI BAINEM,Inconnu,55920280.0,36,2796014.0,0.0,0.0,SOUCONCENTRATION ✅
MILA,TIBERGUENT,Inconnu,1790250.0,1,89512.0,0.0,0.0,SOUCONCENTRATION ✅
MILA,ZEGHAIA,Inconnu,101169110.0,57,5058456.0,0.0,0.0,SOUCONCENTRATION ✅
MOSTAGANEM,ACHAACHA,IIa,1216000.0,1,121600.0,0.0,0.0,SOUCONCENTRATION ✅
MOSTAGANEM,AIN BOUDINAR,IIa,1750000.0,1,175000.0,0.0,0.0,SOUCONCENTRATION ✅
MOSTAGANEM,AIN NOUISSI,IIa,28510200.0,14,2851020.0,0.0,0.0,SOUCONCENTRATION ✅
MOSTAGANEM,AIN SIDI CHERIF,IIa,15995000.0,3,1599500.0,0.0,0.0,SOUCONCENTRATION ✅
MOSTAGANEM,AIN TEDLES,IIa,2571490.0,2,257149.0,0.0,0.0,SOUCONCENTRATION ✅
MOSTAGANEM,BELKHEIR,IIa,7000000.0,1,700000.0,0.0,0.0,SOUCONCENTRATION ✅
MOSTAGANEM,BIR EL DJIR,IIa,14000000.0,1,1400000.0,1.0,1.0,SURCONCENTRATION ⚠️
MOSTAGANEM,BOUGUIRAT,IIa,11445000.0,2,1144500.0,0.0,0.0,SOUCONCENTRATION ✅
MOSTAGANEM,EL HADJADJ,IIa,3125500.0,2,312550.0,0.0,0.0,SOUCONCENTRATION ✅
MOSTAGANEM,EL HESSIANE,IIa,2000000.0,1,200000.0,0.0,0.0,SOUCONCENTRATION ✅
MOSTAGANEM,FORNAKA,IIa,26170000.0,4,2617000.0,1.0,1.0,SURCONCENTRATION ⚠️
MOSTAGANEM,HASSI MAAMECHE,IIa,150771700.0,28,15077170.0,0.0,0.0,SOUCONCENTRATION ✅
MOSTAGANEM,KHEIR EDDINE,IIa,129930000.0,16,12993000.0,0.0,0.0,SOUCONCENTRATION ✅
MOSTAGANEM,MANSOURA,IIa,5150000.0,3,515000.0,0.0,0.0,SOUCONCENTRATION ✅
MOSTAGANEM,MESRA,IIa,102427560.0,23,10242756.0,0.0,0.0,SOUCONCENTRATION ✅
MOSTAGANEM,MEZAGHRANE,IIa,547664203.0,78,54766420.0,0.0,0.0,SOUCONCENTRATION ✅
MOSTAGANEM,MOSTAGANEM,IIa,1367273082.0,248,136727308.0,0.0,0.0,SOUCONCENTRATION ✅
MOSTAGANEM,OULED BOUGHALEM,IIa,4104000.0,1,410400.0,0.0,0.0,SOUCONCENTRATION ✅
MOSTAGANEM,OULED MAALAH,IIa,8502000.0,1,850200.0,1.0,1.0,SURCONCENTRATION ⚠️
MOSTAGANEM,SAYADA,IIa,107431300.0,17,10743130.0,1.0,1.0,SURCONCENTRATION ⚠️
MOSTAGANEM,SIDI ALI,IIa,77818200.0,12,7781820.0,1.0,1.0,SURCONCENTRATION ⚠️
MOSTAGANEM,SIDI LAKHDAR MOSTAGANEM,IIa,4009590.0,3,400959.0,0.0,0.0,SOUCONCENTRATION ✅
MOSTAGANEM,SIRAT,IIa,143621950.0,37,14362195.0,0.0,0.0,SOUCONCENTRATION ✅
MOSTAGANEM,STIDIA,IIa,53107750.0,6,5310775.0,0.0,0.0,SOUCONCENTRATION ✅
MOSTAGANEM,TOUAHRIA,IIa,1120000.0,1,112000.0,0.0,0.0,SOUCONCENTRATION ✅
NAAMA,BORDJ BOU ARRERIDJ,Inconnu,2721950.0,1,136098.0,0.0,0.0,SOUCONCENTRATION ✅
ORAN,AIN KERMA ORAN,IIa,6800000.0,3,680000.0,0.0,0.0,SOUCONCENTRATION ✅
ORAN,AIN TORKI,IIa,4836000.0,1,483600.0,0.0,0.0,SOUCONCENTRATION ✅
ORAN,AIN TURK,IIa,1274370460.0,145,127437046.0,0.0,0.0,SOUCONCENTRATION ✅
ORAN,ARZEW ORAN,IIa,71085080.0,22,7108508.0,0.0,0.0,SOUCONCENTRATION ✅
ORAN,BEN DAOUD,IIa,560000.0,1,56000.0,0.0,0.0,SOUCONCENTRATION ✅
ORAN,BEN FREHA,IIa,9240000.0,4,924000.0,0.0,0.0,SOUCONCENTRATION ✅
ORAN,BETHIOUA,IIa,51954000.0,6,5195400.0,0.0,0.0,SOUCONCENTRATION ✅
ORAN,BIR EL DJIR,IIa,1375383670.0,464,137538367.0,0.0,0.0,SOUCONCENTRATION ✅
ORAN,BIR FODDA,IIa,2646160.0,1,264616.0,0.0,0.0,SOUCONCENTRATION ✅
ORAN,BOUFATIS,IIa,5800000.0,2,580000.0,0.0,0.0,SOUCONCENTRATION ✅
ORAN,BOUSFER,IIa,34937940.0,9,3493794.0,0.0,0.0,SOUCONCENTRATION ✅
ORAN,BOUTLELIS,IIa,54328990.0,12,5432899.0,0.0,0.0,SOUCONCENTRATION ✅
ORAN,DAR YAGHMOURASSENE,IIa,608220.0,1,60822.0,0.0,0.0,SOUCONCENTRATION ✅
ORAN,EL ANCOR ORAN,IIa,15429400.0,5,1542940.0,0.0,0.0,SOUCONCENTRATION ✅
ORAN,EL ANSEUR,IIa,10080000.0,1,1008000.0,1.0,1.0,SURCONCENTRATION ⚠️
ORAN,EL BAYADH,IIa,4185000.0,1,418500.0,0.0,0.0,SOUCONCENTRATION ✅
ORAN,EL BRAYA,IIa,1000000.0,1,100000.0,0.0,0.0,SOUCONCENTRATION ✅
ORAN,EL KARMA,IIa,8548900.0,4,854890.0,0.0,0.0,SOUCONCENTRATION ✅
ORAN,ES SENIA,IIa,342745010.0,69,34274501.0,0.0,0.0,SOUCONCENTRATION ✅
ORAN,FELLAOUCENE,IIa,3844000.0,1,384400.0,0.0,0.0,SOUCONCENTRATION ✅
ORAN,GDYEL,IIa,67665180.0,17,6766518.0,0.0,0.0,SOUCONCENTRATION ✅
ORAN,HASSI BEN OKBA,IIa,7592900.0,6,759290.0,0.0,0.0,SOUCONCENTRATION ✅
ORAN,HASSI BOUNIF,IIa,67802880.0,39,6780288.0,0.0,0.0,SOUCONCENTRATION ✅
ORAN,INCONNU,IIa,9873000.0,1,987300.0,1.0,1.0,SURCONCENTRATION ⚠️
ORAN,MARSAT EL HADJADJ,IIa,5910500.0,3,591050.0,0.0,0.0,SOUCONCENTRATION ✅
ORAN,MISSERGHIN,IIa,4650000.0,2,465000.0,0.0,0.0,SOUCONCENTRATION ✅
ORAN,ORAN,IIa,27820147715.0,999,2782014772.0,0.0,0.0,SOUCONCENTRATION ✅
ORAN,OUED TLELAT,IIa,12958210.0,7,1295821.0,0.0,0.0,SOUCONCENTRATION ✅
ORAN,SIDI CHAMI,IIa,123119828.0,33,12311983.0,0.0,0.0,SOUCONCENTRATION ✅
ORAN,SIDI MAAROUF,IIa,1705000.0,1,170500.0,0.0,0.0,SOUCONCENTRATION ✅
ORAN,SIG,IIa,8866000.0,1,886600.0,1.0,1.0,SURCONCENTRATION ⚠️
ORAN,TLEMCEN,IIa,2170000.0,1,217000.0,0.0,0.0,SOUCONCENTRATION ✅
ORAN,ZAHANA,IIa,3556000.0,1,355600.0,0.0,0.0,SOUCONCENTRATION ✅
OULED DJELLAL,OULED DJELLAL,Inconnu,3255000.0,1,162750.0,0.0,0.0,SOUCONCENTRATION ✅
OUM EL BOUAGHI,AIN KERCHA,Inconnu,8345800.0,6,417290.0,0.0,0.0,SOUCONCENTRATION ✅
OUM EL BOUAGHI,AIN MLILA,Inconnu,239734740.0,123,11986737.0,0.0,0.0,SOUCONCENTRATION ✅
OUM EL BOUAGHI,BATNA,Inconnu,8553170.0,4,427658.0,0.0,0.0,SOUCONCENTRATION ✅
OUM EL BOUAGHI,BIR CHOUHADA,Inconnu,2855100.0,1,142755.0,0.0,0.0,SOUCONCENTRATION ✅
OUM EL BOUAGHI,DHALAA,Inconnu,8742000.0,1,437100.0,0.0,0.0,SOUCONCENTRATION ✅
OUM EL BOUAGHI,HANCHIR TOUMGHANI,Inconnu,992000.0,1,49600.0,0.0,0.0,SOUCONCENTRATION ✅
OUM EL BOUAGHI,MAGRA,Inconnu,1400000.0,2,70000.0,0.0,0.0,SOUCONCENTRATION ✅
OUM EL BOUAGHI,OULED GACEM,Inconnu,1000000.0,1,50000.0,0.0,0.0,SOUCONCENTRATION ✅
OUM EL BOUAGHI,OULED HAMLA,Inconnu,21500000.0,9,1075000.0,0.0,0.0,SOUCONCENTRATION ✅
OUM EL BOUAGHI,OUM EL BOUAGHI,Inconnu,5495680.0,2,274784.0,0.0,0.0,SOUCONCENTRATION ✅
OUM EL BOUAGHI,SIGUS,Inconnu,15090000.0,5,754500.0,0.0,0.0,SOUCONCENTRATION ✅
OUM EL BOUAGHI,SOUK NAAMANE,Inconnu,9632510.0,6,481626.0,0.0,0.0,SOUCONCENTRATION ✅
OURGLA,EL BORMA,Inconnu,1000000.0,1,50000.0,0.0,0.0,SOUCONCENTRATION ✅
OURGLA,HASSI MESSAOUD,Inconnu,94609760.0,26,4730488.0,0.0,0.0,SOUCONCENTRATION ✅
OURGLA,OUARGLA,Inconnu,4920000.0,2,246000.0,0.0,0.0,SOUCONCENTRATION ✅
RELIZANE,OUED RHIOU,Inconnu,220528310.0,4,11026415.0,0.0,0.0,SOUCONCENTRATION ✅
RELIZANE,RELIZANE,Inconnu,14308270.0,8,715414.0,0.0,0.0,SOUCONCENTRATION ✅
RELIZANE,SIDI KHETTAB,Inconnu,1120564394.0,3,56028220.0,0.0,0.0,SOUCONCENTRATION ✅
SAIDA,EL EULMA,I,3955000.0,1,197750.0,0.0,0.0,SOUCONCENTRATION ✅
SAIDA,SAIDA,I,403000.0,1,20150.0,0.0,0.0,SOUCONCENTRATION ✅
SAIDA,SKIKDA,I,3000000.0,2,150000.0,0.0,0.0,SOUCONCENTRATION ✅
SETIF,AIN ABESSA,IIa,33627000.0,7,3362700.0,0.0,0.0,SOUCONCENTRATION ✅
SETIF,AIN ARNAT,IIa,17838000.0,11,1783800.0,0.0,0.0,SOUCONCENTRATION ✅
SETIF,AIN AZAL,IIa,8350440.0,4,835044.0,0.0,0.0,SOUCONCENTRATION ✅
SETIF,AIN EL ARBAA,IIa,1750000.0,1,175000.0,0.0,0.0,SOUCONCENTRATION ✅
SETIF,AIN EL KEBIRA,IIa,65262300.0,31,6526230.0,0.0,0.0,SOUCONCENTRATION ✅
SETIF,AIN KEBIRA,IIa,2994980.0,2,299498.0,0.0,0.0,SOUCONCENTRATION ✅
SETIF,AIN LAGRADJ,IIa,14000000.0,7,1400000.0,0.0,0.0,SOUCONCENTRATION ✅
SETIF,AIN LAHDJAR,IIa,19040000.0,6,1904000.0,0.0,0.0,SOUCONCENTRATION ✅
SETIF,AIN OULMANE,IIa,321000000.0,5,32100000.0,1.0,1.0,SURCONCENTRATION ⚠️
SETIF,AIN ROMANA,IIa,2735850.0,1,273585.0,0.0,0.0,SOUCONCENTRATION ✅
SETIF,AIN ROUA,IIa,5179790.0,6,517979.0,0.0,0.0,SOUCONCENTRATION ✅
SETIF,AIN SEBT,IIa,10776000.0,8,1077600.0,0.0,0.0,SOUCONCENTRATION ✅
SETIF,AMOUCHA,IIa,2502500.0,1,250250.0,0.0,0.0,SOUCONCENTRATION ✅
SETIF,BABOR,IIa,10225640.0,8,1022564.0,0.0,0.0,SOUCONCENTRATION ✅
SETIF,BAZER SAKRA,IIa,712683060.0,119,71268306.0,0.0,0.0,SOUCONCENTRATION ✅
SETIF,BEIDHA BORDJ,IIa,6096650.0,4,609665.0,0.0,0.0,SOUCONCENTRATION ✅
SETIF,BELLAA,IIa,47936100.0,13,4793610.0,0.0,0.0,SOUCONCENTRATION ✅
SETIF,BENI AZIZ,IIa,176342000.0,77,17634200.0,0.0,0.0,SOUCONCENTRATION ✅
SETIF,BENI CHEBANA,IIa,6000000.0,3,600000.0,0.0,0.0,SOUCONCENTRATION ✅
SETIF,BENI FOUDA,IIa,58274540.0,21,5827454.0,0.0,0.0,SOUCONCENTRATION ✅
SETIF,BENI MOUHLI,IIa,6500000.0,3,650000.0,0.0,0.0,SOUCONCENTRATION ✅
SETIF,BENI OUARTILANE,IIa,109815000.0,45,10981500.0,0.0,0.0,SOUCONCENTRATION ✅
SETIF,BIR EL ARCH,IIa,367820560.0,86,36782056.0,0.0,0.0,SOUCONCENTRATION ✅
SETIF,BIR MOURAD RAIS,IIa,3990000.0,1,399000.0,0.0,0.0,SOUCONCENTRATION ✅
SETIF,BOUANDAS,IIa,2636900.0,1,263690.0,0.0,0.0,SOUCONCENTRATION ✅
SETIF,BOUGAA,IIa,1750000.0,1,175000.0,0.0,0.0,SOUCONCENTRATION ✅
SETIF,BOUSSELAM,IIa,2000000.0,1,200000.0,0.0,0.0,SOUCONCENTRATION ✅
SETIF,DAR EL BEIDA,IIa,6909000.0,1,690900.0,0.0,0.0,SOUCONCENTRATION ✅
SETIF,DEHAMCHA,IIa,3370500.0,3,337050.0,0.0,0.0,SOUCONCENTRATION ✅
SETIF,DJEMILA,IIa,69524800.0,30,6952480.0,0.0,0.0,SOUCONCENTRATION ✅
SETIF,DRAA KEBILA,IIa,2000000.0,1,200000.0,0.0,0.0,SOUCONCENTRATION ✅
SETIF,EL BAYADH,IIa,10571000.0,1,1057100.0,1.0,1.0,SURCONCENTRATION ⚠️
SETIF,EL EULMA,IIa,7420811168.0,2170,742081117.0,0.0,0.0,SOUCONCENTRATION ✅
SETIF,EL OUELDJA SETIF,IIa,63996220.0,14,6399622.0,0.0,0.0,SOUCONCENTRATION ✅
SETIF,EL OURICIA,IIa,2975000.0,2,297500.0,0.0,0.0,SOUCONCENTRATION ✅
SETIF,EMIR ABDELKADER,IIa,560000.0,1,56000.0,0.0,0.0,SOUCONCENTRATION ✅
SETIF,EULMA,IIa,42570200.0,18,4257020.0,0.0,0.0,SOUCONCENTRATION ✅
SETIF,FERDJIOUA,IIa,1960000.0,1,196000.0,0.0,0.0,SOUCONCENTRATION ✅
SETIF,GUELLAL,IIa,2100000.0,1,210000.0,0.0,0.0,SOUCONCENTRATION ✅
SETIF,GUELTA ZERGA,IIa,360327450.0,76,36032745.0,0.0,0.0,SOUCONCENTRATION ✅
SETIF,GUIDJEL,IIa,97151140.0,13,9715114.0,0.0,0.0,SOUCONCENTRATION ✅
SETIF,HAMMAM SKHOUNA,IIa,197179470.0,72,19717947.0,0.0,0.0,SOUCONCENTRATION ✅
SETIF,INCONNU,IIa,12200000.0,5,1220000.0,0.0,0.0,SOUCONCENTRATION ✅
SETIF,JIJEL,IIa,5600000.0,1,560000.0,0.0,0.0,SOUCONCENTRATION ✅
SETIF,MAAOUIA,IIa,28675500.0,10,2867550.0,0.0,0.0,SOUCONCENTRATION ✅
SETIF,MEZLOUG,IIa,27697320.0,11,2769732.0,0.0,0.0,SOUCONCENTRATION ✅
SETIF,OULED SABOR,IIa,35235400.0,10,3523540.0,0.0,0.0,SOUCONCENTRATION ✅
SETIF,RAS EL MA,IIa,2028950.0,1,202895.0,0.0,0.0,SOUCONCENTRATION ✅
SETIF,SETIF,IIa,26346995355.0,1101,2634699536.0,0.0,0.0,SOUCONCENTRATION ✅
SETIF,TACHOUDA,IIa,27721000.0,8,2772100.0,0.0,0.0,SOUCONCENTRATION ✅
SETIF,TAYA,IIa,69164700.0,24,6916470.0,0.0,0.0,SOUCONCENTRATION ✅
SETIF,TELLA,IIa,21359500.0,8,2135950.0,0.0,0.0,SOUCONCENTRATION ✅
SETIF,TIZI NBECHAR,IIa,4900000.0,2,490000.0,0.0,0.0,SOUCONCENTRATION ✅
SIDI BEL ABBES,LAMTAR,Inconnu,22000000.0,1,1100000.0,0.0,0.0,SOUCONCENTRATION ✅
SIDI BEL ABBES,SIDI BEL ABBES,Inconnu,200915550.0,81,10045778.0,0.0,0.0,SOUCONCENTRATION ✅
SIDI BEL ABBES,SIDI BRAHIM,Inconnu,1943080.0,1,97154.0,0.0,0.0,SOUCONCENTRATION ✅
SIDI BEL ABBES,SIDI LAHCENE,Inconnu,7440000.0,1,372000.0,0.0,0.0,SOUCONCENTRATION ✅
SIDI BEL ABBES,TELAGH,Inconnu,7471000.0,1,373550.0,0.0,0.0,SOUCONCENTRATION ✅
SKIKDA,AIN BOUZIANE,IIa,27101150.0,10,2710115.0,0.0,0.0,SOUCONCENTRATION ✅
SKIKDA,AZZABA,IIa,448750000.0,5,44875000.0,0.0,0.0,SOUCONCENTRATION ✅
SKIKDA,BEN AZZOUZ,IIa,25945000.0,9,2594500.0,0.0,0.0,SOUCONCENTRATION ✅
SKIKDA,BENI BACHIR,IIa,13278200.0,6,1327820.0,0.0,0.0,SOUCONCENTRATION ✅
SKIKDA,BENI OULBANE,IIa,21691840.0,14,2169184.0,0.0,0.0,SOUCONCENTRATION ✅
SKIKDA,COLLO,IIa,1225000.0,1,122500.0,0.0,0.0,SOUCONCENTRATION ✅
SKIKDA,EL GHEDIR,IIa,980000.0,1,98000.0,0.0,0.0,SOUCONCENTRATION ✅
SKIKDA,EL HADAIEK,IIa,33406100.0,6,3340610.0,0.0,0.0,SOUCONCENTRATION ✅
SKIKDA,EL HARROUCH,IIa,264215880.0,133,26421588.0,0.0,0.0,SOUCONCENTRATION ✅
SKIKDA,EMDJEZ EDCHICH,IIa,35529480.0,31,3552948.0,0.0,0.0,SOUCONCENTRATION ✅
SKIKDA,FIL FILA,IIa,17760000.0,6,1776000.0,0.0,0.0,SOUCONCENTRATION ✅
SKIKDA,HAMADI KROUMA,IIa,47675000.0,15,4767500.0,0.0,0.0,SOUCONCENTRATION ✅
SKIKDA,KERKERA,IIa,17100000.0,6,1710000.0,0.0,0.0,SOUCONCENTRATION ✅
SKIKDA,OULED HEBABA,IIa,5433310.0,3,543331.0,0.0,0.0,SOUCONCENTRATION ✅
SKIKDA,OUM TOUB,IIa,143773550.0,10,14377355.0,0.0,0.0,SOUCONCENTRATION ✅
SKIKDA,RAMDANE DJAMEL,IIa,13190890.0,7,1319089.0,0.0,0.0,SOUCONCENTRATION ✅
SKIKDA,SALAH BOUCHAOUR,IIa,35576480.0,23,3557648.0,0.0,0.0,SOUCONCENTRATION ✅
SKIKDA,SIDI MEZGHICHE,IIa,114507330.0,76,11450733.0,0.0,0.0,SOUCONCENTRATION ✅
SKIKDA,SKIKDA,IIa,334093774.0,108,33409377.0,0.0,0.0,SOUCONCENTRATION ✅
SKIKDA,TAMALOUS SKIKDA,IIa,1000000.0,1,100000.0,0.0,0.0,SOUCONCENTRATION ✅
SKIKDA,ZERDEZAS,IIa,3325000.0,2,332500.0,0.0,0.0,SOUCONCENTRATION ✅
SOUK AHRAS,HADJOUT,Inconnu,5914700.0,2,295735.0,0.0,0.0,SOUCONCENTRATION ✅
SOUK AHRAS,MDAOUROUCHE,Inconnu,992000.0,2,49600.0,0.0,0.0,SOUCONCENTRATION ✅
SOUK AHRAS,MERAHNA,Inconnu,2439640.0,1,121982.0,0.0,0.0,SOUCONCENTRATION ✅
SOUK AHRAS,OUED KEBERIT,Inconnu,1989680.0,1,99484.0,0.0,0.0,SOUCONCENTRATION ✅
SOUK AHRAS,SEDRATA,Inconnu,2077880.0,1,103894.0,0.0,0.0,SOUCONCENTRATION ✅
SOUK AHRAS,SIDI AMER,Inconnu,918750.0,1,45938.0,0.0,0.0,SOUCONCENTRATION ✅
SOUK AHRAS,TAOURA,Inconnu,6758000.0,2,337900.0,0.0,0.0,SOUCONCENTRATION ✅
TAMENRASSET,ABALESSA,0,39920000.0,4,399200.0,0.0,0.0,SOUCONCENTRATION ✅
TAMENRASSET,IN GUEZZAM,0,90376000.0,20,903760.0,0.0,0.0,SOUCONCENTRATION ✅
TAMENRASSET,SI MAHDJOUB,0,1000000.0,1,10000.0,0.0,0.0,SOUCONCENTRATION ✅
TAMENRASSET,TAMANRASSET,0,3844964140.0,765,38449641.0,0.0,0.0,SOUCONCENTRATION ✅
TAMENRASSET,TIN ZAOUATINE,0,24360000.0,4,243600.0,0.0,0.0,SOUCONCENTRATION ✅
TEBESSA,AIN ZERGA,Inconnu,52070000.0,15,2603500.0,0.0,0.0,SOUCONCENTRATION ✅
TEBESSA,BEKKARIA,Inconnu,4000000.0,2,200000.0,0.0,0.0,SOUCONCENTRATION ✅
TEBESSA,BIR EL ATER,Inconnu,88059750.0,60,4402988.0,0.0,0.0,SOUCONCENTRATION ✅
TEBESSA,BOUKHADRA,Inconnu,930000.0,1,46500.0,0.0,0.0,SOUCONCENTRATION ✅
TEBESSA,BOULHAF DYR,Inconnu,2000000.0,2,100000.0,0.0,0.0,SOUCONCENTRATION ✅
TEBESSA,CHERAIA,Inconnu,7035000.0,1,351750.0,0.0,0.0,SOUCONCENTRATION ✅
TEBESSA,EL AOUINET TEBESSA,Inconnu,19771400.0,9,988570.0,0.0,0.0,SOUCONCENTRATION ✅
TEBESSA,EL HOUIDJBET,Inconnu,1000000.0,1,50000.0,0.0,0.0,SOUCONCENTRATION ✅
TEBESSA,EL KOUIF,Inconnu,2000000.0,2,100000.0,0.0,0.0,SOUCONCENTRATION ✅
TEBESSA,EL MERIDJ,Inconnu,3994230.0,3,199712.0,0.0,0.0,SOUCONCENTRATION ✅
TEBESSA,EL OGLA TEBESSA,Inconnu,4464000.0,1,223200.0,0.0,0.0,SOUCONCENTRATION ✅
TEBESSA,EL OUENZA,Inconnu,349491310.0,156,17474566.0,0.0,0.0,SOUCONCENTRATION ✅
TEBESSA,FERKANE,Inconnu,3984000.0,3,199200.0,0.0,0.0,SOUCONCENTRATION ✅
TEBESSA,INCONNU,Inconnu,4440440.0,2,222022.0,0.0,0.0,SOUCONCENTRATION ✅
TEBESSA,NEGRINE,Inconnu,5240000.0,5,262000.0,0.0,0.0,SOUCONCENTRATION ✅
TEBESSA,RAS EL AIOUN,Inconnu,2976000.0,1,148800.0,0.0,0.0,SOUCONCENTRATION ✅
TEBESSA,TEBESSA,Inconnu,3476574079.0,106,173828704.0,0.0,0.0,SOUCONCENTRATION ✅
TIARET,AIN BOUCHEKIF,Inconnu,3973200.0,3,198660.0,0.0,0.0,SOUCONCENTRATION ✅
TIARET,BOGHNI,Inconnu,1400000.0,1,70000.0,0.0,0.0,SOUCONCENTRATION ✅
TIARET,DAHMOUNI,Inconnu,18940000.0,9,947000.0,0.0,0.0,SOUCONCENTRATION ✅
TIARET,FRENDA,Inconnu,4635000.0,2,231750.0,0.0,0.0,SOUCONCENTRATION ✅
TIARET,HAMADIA,Inconnu,1500000.0,1,75000.0,0.0,0.0,SOUCONCENTRATION ✅
TIARET,MEGHILA,Inconnu,2000000.0,1,100000.0,0.0,0.0,SOUCONCENTRATION ✅
TIARET,MELLAKOU,Inconnu,19786000.0,3,989300.0,0.0,0.0,SOUCONCENTRATION ✅
TIARET,OUED LILLI,Inconnu,4712000.0,2,235600.0,0.0,0.0,SOUCONCENTRATION ✅
TIARET,RAHOUIA,Inconnu,17391740.0,2,869587.0,0.0,0.0,SOUCONCENTRATION ✅
TIARET,SEBAINE,Inconnu,2000000.0,1,100000.0,0.0,0.0,SOUCONCENTRATION ✅
TIARET,SOUGUEUR,Inconnu,4588000.0,2,229400.0,0.0,0.0,SOUCONCENTRATION ✅
TIARET,TIARET,Inconnu,2731204831.0,439,136560242.0,0.0,0.0,SOUCONCENTRATION ✅
TIPAZA,AHMER EL AIN,III,84246730.0,32,21061682.0,0.0,0.0,SOUCONCENTRATION ✅
TIPAZA,AIN TAGOURAIT,III,58966100.0,14,14741525.0,0.0,0.0,SOUCONCENTRATION ✅
TIPAZA,BORDJ BADJI MOKHTAR,III,1100000.0,1,275000.0,0.0,0.0,SOUCONCENTRATION ✅
TIPAZA,BOU ISMAIL,III,545206460.0,105,136301615.0,0.0,0.0,SOUCONCENTRATION ✅
TIPAZA,BOUDOUAOU,III,2100000.0,1,525000.0,0.0,0.0,SOUCONCENTRATION ✅
TIPAZA,BOUFARIK,III,1748000.0,1,437000.0,0.0,0.0,SOUCONCENTRATION ✅
TIPAZA,BOUHAROUN,III,32717500.0,14,8179375.0,0.0,0.0,SOUCONCENTRATION ✅
TIPAZA,BOURKIKA,III,135777020.0,48,33944255.0,0.0,0.0,SOUCONCENTRATION ✅
TIPAZA,CHAIBA,III,41288000.0,6,10322000.0,0.0,0.0,SOUCONCENTRATION ✅
TIPAZA,CHERAGA ALGER,III,2280000.0,1,570000.0,0.0,0.0,SOUCONCENTRATION ✅
TIPAZA,CHERCHEL,III,122437280.0,28,30609320.0,0.0,0.0,SOUCONCENTRATION ✅
TIPAZA,DAMOUS,III,63828000.0,19,15957000.0,0.0,0.0,SOUCONCENTRATION ✅
TIPAZA,DOUAOUDA,III,122223380.0,34,30555845.0,0.0,0.0,SOUCONCENTRATION ✅
TIPAZA,FOUKA,III,63967620.0,19,15991905.0,0.0,0.0,SOUCONCENTRATION ✅
TIPAZA,GOURAYA,III,70251000.0,22,17562750.0,0.0,0.0,SOUCONCENTRATION ✅
TIPAZA,HADJERET ENNOUS,III,11327000.0,2,2831750.0,0.0,0.0,SOUCONCENTRATION ✅
TIPAZA,HADJOUT,III,1192433440.0,488,298108360.0,0.0,0.0,SOUCONCENTRATION ✅
TIPAZA,HATTATBA,III,3196000.0,2,799000.0,0.0,0.0,SOUCONCENTRATION ✅
TIPAZA,KHEMISTI TIPAZA,III,29918640.0,10,7479660.0,0.0,0.0,SOUCONCENTRATION ✅
TIPAZA,KOLEA,III,118554440.0,38,29638610.0,0.0,0.0,SOUCONCENTRATION ✅
TIPAZA,LARHAT,III,59395000.0,16,14848750.0,0.0,0.0,SOUCONCENTRATION ✅
TIPAZA,MAHELMA,III,4008630.0,1,1002158.0,0.0,0.0,SOUCONCENTRATION ✅
TIPAZA,MENACEUR,III,58955560.0,22,14738890.0,0.0,0.0,SOUCONCENTRATION ✅
TIPAZA,MESSELMOUN,III,16109700.0,6,4027425.0,0.0,0.0,SOUCONCENTRATION ✅
TIPAZA,MEURAD,III,178650350.0,73,44662588.0,0.0,0.0,SOUCONCENTRATION ✅
TIPAZA,NADOR,III,60822990.0,24,15205748.0,0.0,0.0,SOUCONCENTRATION ✅
TIPAZA,SIDI AMAR TIPAZA,III,21244830.0,16,5311208.0,0.0,0.0,SOUCONCENTRATION ✅
TIPAZA,SIDI AMER,III,61966200.0,23,15491550.0,0.0,0.0,SOUCONCENTRATION ✅
TIPAZA,SIDI GHILES,III,52784440.0,13,13196110.0,0.0,0.0,SOUCONCENTRATION ✅
TIPAZA,SIDI MHAMED ALGER,III,5776380.0,2,1444095.0,0.0,0.0,SOUCONCENTRATION ✅
TIPAZA,SIDI RACHED,III,62239280.0,26,15559820.0,0.0,0.0,SOUCONCENTRATION ✅
TIPAZA,SOUIDANIA,III,4333400.0,1,1083350.0,0.0,0.0,SOUCONCENTRATION ✅
TIPAZA,STAOUELI,III,1128000.0,1,282000.0,0.0,0.0,SOUCONCENTRATION ✅
TIPAZA,TIPAZA,III,1186250620.0,348,296562655.0,0.0,0.0,SOUCONCENTRATION ✅
TISSEMSILT,EL EULMA,Inconnu,2555000.0,1,127750.0,0.0,0.0,SOUCONCENTRATION ✅
TISSEMSILT,LARDJEM,Inconnu,3100000.0,1,155000.0,0.0,0.0,SOUCONCENTRATION ✅
TISSEMSILT,LAYOUNE,Inconnu,84000000.0,2,4200000.0,0.0,0.0,SOUCONCENTRATION ✅
TISSEMSILT,TISSEMSILT,Inconnu,274655849.0,7,13732792.0,0.0,0.0,SOUCONCENTRATION ✅
TIZI OUZOU,AFIR,IIa,2100000.0,1,210000.0,0.0,0.0,SOUCONCENTRATION ✅
TIZI OUZOU,AGHNI GOUGHRAN,IIa,57879650.0,10,5787965.0,0.0,0.0,SOUCONCENTRATION ✅
TIZI OUZOU,AGHRIB,IIa,61377260.0,22,6137726.0,0.0,0.0,SOUCONCENTRATION ✅
TIZI OUZOU,AIN EL HAMMAM,IIa,25065120.0,8,2506512.0,0.0,0.0,SOUCONCENTRATION ✅
TIZI OUZOU,AIN ZAOUIA,IIa,117733030.0,40,11773303.0,0.0,0.0,SOUCONCENTRATION ✅
TIZI OUZOU,AIT AGGOUACHA,IIa,4200000.0,2,420000.0,0.0,0.0,SOUCONCENTRATION ✅
TIZI OUZOU,AIT AISSA MIMOUN,IIa,422392200.0,124,42239220.0,0.0,0.0,SOUCONCENTRATION ✅
TIZI OUZOU,AIT BOUADOU,IIa,78769250.0,21,7876925.0,0.0,0.0,SOUCONCENTRATION ✅
TIZI OUZOU,AIT CHAFFAA,IIa,9430000.0,5,943000.0,0.0,0.0,SOUCONCENTRATION ✅
TIZI OUZOU,AIT KHELILI,IIa,10064000.0,4,1006400.0,0.0,0.0,SOUCONCENTRATION ✅
TIZI OUZOU,AIT MAHMOUD,IIa,4060000.0,2,406000.0,0.0,0.0,SOUCONCENTRATION ✅
TIZI OUZOU,AIT TOUDERT,IIa,4550000.0,2,455000.0,0.0,0.0,SOUCONCENTRATION ✅
TIZI OUZOU,AIT YAHIA,IIa,14000000.0,1,1400000.0,1.0,1.0,SURCONCENTRATION ⚠️
TIZI OUZOU,AIT YAHIA MOUSSA,IIa,38319800.0,13,3831980.0,0.0,0.0,SOUCONCENTRATION ✅
TIZI OUZOU,AKERROU,IIa,1155000.0,2,115500.0,0.0,0.0,SOUCONCENTRATION ✅
TIZI OUZOU,ASSI YOUCEF,IIa,92046850.0,32,9204685.0,0.0,0.0,SOUCONCENTRATION ✅
TIZI OUZOU,AZAZGA,IIa,998763700.0,173,99876370.0,0.0,0.0,SOUCONCENTRATION ✅
TIZI OUZOU,AZEFFOUN,IIa,293663090.0,40,29366309.0,0.0,0.0,SOUCONCENTRATION ✅
TIZI OUZOU,BEB EZZOUAR,IIa,3760000.0,1,376000.0,0.0,0.0,SOUCONCENTRATION ✅
TIZI OUZOU,BENI AISSI,IIa,7820000.0,4,782000.0,0.0,0.0,SOUCONCENTRATION ✅
TIZI OUZOU,BENI DOUALA,IIa,87360650.0,34,8736065.0,0.0,0.0,SOUCONCENTRATION ✅
TIZI OUZOU,BENI MESSOUS,IIa,1000000.0,1,100000.0,0.0,0.0,SOUCONCENTRATION ✅
TIZI OUZOU,BENI YENNI,IIa,6720000.0,1,672000.0,0.0,0.0,SOUCONCENTRATION ✅
TIZI OUZOU,BENI ZIKI,IIa,8035750.0,7,803575.0,0.0,0.0,SOUCONCENTRATION ✅
TIZI OUZOU,BENI ZMENZER,IIa,57765850.0,19,5776585.0,0.0,0.0,SOUCONCENTRATION ✅
TIZI OUZOU,BOGHNI,IIa,1467846970.0,453,146784697.0,0.0,0.0,SOUCONCENTRATION ✅
TIZI OUZOU,BOUDJIMA,IIa,175321070.0,49,17532107.0,0.0,0.0,SOUCONCENTRATION ✅
TIZI OUZOU,BOUIRA,IIa,1175520.0,1,117552.0,0.0,0.0,SOUCONCENTRATION ✅
TIZI OUZOU,BOUKHELIFA,IIa,1750000.0,1,175000.0,0.0,0.0,SOUCONCENTRATION ✅
TIZI OUZOU,BOUMERDES,IIa,5728830.0,2,572883.0,0.0,0.0,SOUCONCENTRATION ✅
TIZI OUZOU,BOUNOUH,IIa,110675000.0,24,11067500.0,0.0,0.0,SOUCONCENTRATION ✅
TIZI OUZOU,BOUZGUEN,IIa,106372850.0,48,10637285.0,0.0,0.0,SOUCONCENTRATION ✅
TIZI OUZOU,CHABET EL AMEUR,IIa,1680000.0,1,168000.0,0.0,0.0,SOUCONCENTRATION ✅
TIZI OUZOU,DELLYS,IIa,5187000.0,1,518700.0,0.0,0.0,SOUCONCENTRATION ✅
TIZI OUZOU,DRAA BEN KHEDDA,IIa,689168180.0,172,68916818.0,0.0,0.0,SOUCONCENTRATION ✅
TIZI OUZOU,DRAA EL MIZAN,IIa,50765640.0,23,5076564.0,0.0,0.0,SOUCONCENTRATION ✅
TIZI OUZOU,FREHA,IIa,848033820.0,173,84803382.0,0.0,0.0,SOUCONCENTRATION ✅
TIZI OUZOU,FRIKAT,IIa,46760000.0,7,4676000.0,0.0,0.0,SOUCONCENTRATION ✅
TIZI OUZOU,HASNAOUA,IIa,3690000.0,1,369000.0,0.0,0.0,SOUCONCENTRATION ✅
TIZI OUZOU,IBOUDRAREN,IIa,7000000.0,2,700000.0,0.0,0.0,SOUCONCENTRATION ✅
TIZI OUZOU,IDJEUR,IIa,33567100.0,14,3356710.0,0.0,0.0,SOUCONCENTRATION ✅
TIZI OUZOU,IFERHOUNENE,IIa,770000.0,1,77000.0,0.0,0.0,SOUCONCENTRATION ✅
TIZI OUZOU,IFIGHA,IIa,57788100.0,13,5778810.0,0.0,0.0,SOUCONCENTRATION ✅
TIZI OUZOU,IFLISSEN TIZI OUZOU,IIa,630747110.0,76,63074711.0,0.0,0.0,SOUCONCENTRATION ✅
TIZI OUZOU,ILLILTEN,IIa,15470000.0,4,1547000.0,0.0,0.0,SOUCONCENTRATION ✅
TIZI OUZOU,ILOULA OUMALOU,IIa,27459100.0,16,2745910.0,0.0,0.0,SOUCONCENTRATION ✅
TIZI OUZOU,IMSOUHAL,IIa,1820000.0,2,182000.0,0.0,0.0,SOUCONCENTRATION ✅
TIZI OUZOU,INCONNU,IIa,2728000.0,1,272800.0,0.0,0.0,SOUCONCENTRATION ✅
TIZI OUZOU,IRDJEN,IIa,64652870.0,22,6465287.0,0.0,0.0,SOUCONCENTRATION ✅
TIZI OUZOU,LARBA NAIT IRATHEN,IIa,42322110.0,20,4232211.0,0.0,0.0,SOUCONCENTRATION ✅
TIZI OUZOU,LAYOUNE,IIa,322096038.0,4,32209604.0,1.0,1.0,SURCONCENTRATION ⚠️
TIZI OUZOU,MAATKA,IIa,135190150.0,48,13519015.0,0.0,0.0,SOUCONCENTRATION ✅
TIZI OUZOU,MAKOUDA,IIa,184931190.0,41,18493119.0,0.0,0.0,SOUCONCENTRATION ✅
TIZI OUZOU,MECHTRASS,IIa,407049040.0,120,40704904.0,0.0,0.0,SOUCONCENTRATION ✅
TIZI OUZOU,MEKLA,IIa,64582830.0,23,6458283.0,0.0,0.0,SOUCONCENTRATION ✅
TIZI OUZOU,MIZRANA,IIa,84451270.0,24,8445127.0,0.0,0.0,SOUCONCENTRATION ✅
TIZI OUZOU,NACIRIA,IIa,2730000.0,1,273000.0,0.0,0.0,SOUCONCENTRATION ✅
TIZI OUZOU,OUACIF,IIa,18019100.0,7,1801910.0,0.0,0.0,SOUCONCENTRATION ✅
TIZI OUZOU,OUADHIA,IIa,219503290.0,87,21950329.0,0.0,0.0,SOUCONCENTRATION ✅
TIZI OUZOU,OUAGUENOUN,IIa,351247480.0,111,35124748.0,0.0,0.0,SOUCONCENTRATION ✅
TIZI OUZOU,SIDI NAAMANE TIZI OUZOU,IIa,70764140.0,24,7076414.0,0.0,0.0,SOUCONCENTRATION ✅
TIZI OUZOU,SOUAMAA,IIa,95366250.0,9,9536625.0,0.0,0.0,SOUCONCENTRATION ✅
TIZI OUZOU,SOUK EL KHEMIS,IIa,8329300.0,7,832930.0,0.0,0.0,SOUCONCENTRATION ✅
TIZI OUZOU,SOUK EL TENINE,IIa,52745000.0,22,5274500.0,0.0,0.0,SOUCONCENTRATION ✅
TIZI OUZOU,SOUK EL THENINE,IIa,59904100.0,33,5990410.0,0.0,0.0,SOUCONCENTRATION ✅
TIZI OUZOU,TADMAIT,IIa,182243010.0,56,18224301.0,0.0,0.0,SOUCONCENTRATION ✅
TIZI OUZOU,TAMANRASSET,IIa,756000.0,1,75600.0,0.0,0.0,SOUCONCENTRATION ✅
TIZI OUZOU,TIFRA,IIa,4683000.0,1,468300.0,0.0,0.0,SOUCONCENTRATION ✅
TIZI OUZOU,TIGZIRT,IIa,1912350321.0,335,191235032.0,0.0,0.0,SOUCONCENTRATION ✅
TIZI OUZOU,TIMIZART,IIa,161925829.0,38,16192583.0,0.0,0.0,SOUCONCENTRATION ✅
TIZI OUZOU,TIRMITINE,IIa,27061090.0,10,2706109.0,0.0,0.0,SOUCONCENTRATION ✅
TIZI OUZOU,TIZI,IIa,19440000.0,2,1944000.0,0.0,0.0,SOUCONCENTRATION ✅
TIZI OUZOU,TIZI GHENIF,IIa,12168400.0,5,1216840.0,0.0,0.0,SOUCONCENTRATION ✅
TIZI OUZOU,TIZI NTHLETA,IIa,86986580.0,30,8698658.0,0.0,0.0,SOUCONCENTRATION ✅
TIZI OUZOU,TIZI OUZOU,IIa,4805618603.0,1186,480561860.0,0.0,0.0,SOUCONCENTRATION ✅
TIZI OUZOU,TIZI RACHED,IIa,2652197950.0,106,265219795.0,0.0,0.0,SOUCONCENTRATION ✅
TIZI OUZOU,YAKOUREN,IIa,71036100.0,22,7103610.0,0.0,0.0,SOUCONCENTRATION ✅
TIZI OUZOU,YATAFEN,IIa,1000000.0,1,100000.0,0.0,0.0,SOUCONCENTRATION ✅
TIZI OUZOU,ZEMMOURI,IIa,1387000.0,1,138700.0,0.0,0.0,SOUCONCENTRATION ✅
TLEMCEN,AIN YOUCEF,I,3100000.0,1,155000.0,0.0,0.0,SOUCONCENTRATION ✅
TLEMCEN,BENI MESTER,I,713000.0,1,35650.0,0.0,0.0,SOUCONCENTRATION ✅
TLEMCEN,CHETOUANE,I,6474720.0,3,323736.0,0.0,0.0,SOUCONCENTRATION ✅
TLEMCEN,HENAYA,I,5270000.0,1,263500.0,0.0,0.0,SOUCONCENTRATION ✅
TLEMCEN,MAGHNIA,I,8463000.0,1,423150.0,0.0,0.0,SOUCONCENTRATION ✅
TLEMCEN,MANSOURA,I,19880000.0,4,994000.0,0.0,0.0,SOUCONCENTRATION ✅
TLEMCEN,MANSOURAH TLEMCEN,I,38884170.0,17,1944208.0,0.0,0.0,SOUCONCENTRATION ✅
TLEMCEN,MERSA BEN MHIDI,I,1452660.0,1,72633.0,0.0,0.0,SOUCONCENTRATION ✅
TLEMCEN,OULED MIMOUN,I,2915860.0,1,145793.0,0.0,0.0,SOUCONCENTRATION ✅
TLEMCEN,REMCHI,I,1586270.0,1,79314.0,0.0,0.0,SOUCONCENTRATION ✅
TLEMCEN,TLEMCEN,I,2321655022.0,63,116082751.0,0.0,0.0,SOUCONCENTRATION ✅
TOUGGOURT,TOUGGOURT,Inconnu,2000000.0,1,100000.0,0.0,0.0,SOUCONCENTRATION ✅
